name,Super98,Super95,Diesel,PLZ,land,bundesland,bezirk,stadt,strasse,datum,zeit,coordinates_X,coordinates_Y
Lagerhaus Tankstelle,0,0,2.079,9640,at,Kärnten,Hermagor,Kötschach,Kötschach 153,3.11.2022,10:8:45,13.0032407,46.6721177
Turmöl Quick,0,1.739,1.999,2091,at,Niederösterreich,Horn,Langau,Langau 195,3.11.2022,10:8:59,15.7170359,48.8296425
LMEnergy Express,0,1.744,0,5723,at,Salzburg,Zell am See,Uttendorf,Moosweg 3,3.11.2022,10:9:32,12.5750298,47.281193
Genol Lagerhaus Tankstelle,0,0,2.049,3851,at,Niederösterreich,Waidhofen/Thaya,Kautzen,Illmauerstraße 1,3.11.2022,10:9:9,15.240267,48.9298793
SB-Tankstelle Ofenböck,0,1.745,0,2620,at,Niederösterreich,Neunkirchen,Neunkirchen,Föhrenwaldstrasse 35,3.11.2022,10:9:5,16.0870434,47.7326535
Turmöl Quick,0,1.694,1.983,4048,at,Oberösterreich,Urfahr Umgebung,Puchenau,Hammerschmiede 3,3.11.2022,10:9:26,14.2412365,48.312442
AVIA Xpress (Automaten-Tankstelle),0,1.723,2.019,4563,at,Oberösterreich,Kirchdorf,Micheldorf,Weinzierler Brücke 72,3.11.2022,10:9:21,14.129979,47.8940558
OMV - Hermagor Gailtalstraße 12,0,1.789,2.069,9620,at,Kärnten,Hermagor,Hermagor,Gailtalstrasse 12,3.11.2022,10:8:45,13.37877,46.62964
Turmöl Quick,0,1.734,1.994,7551,at,Burgenland,Güssing,Stegersbach,Wienerstraße 56,3.11.2022,10:8:39,16.163935,47.168488
Tankstopp,0,1.691,1.983,3100,at,Niederösterreich,St. Pölten,St.Pölten,Praterstraße 10,3.11.2022,10:8:52,15.6222046,48.2099825
Lagerhaus-Genol,0,1.719,0,7141,at,Burgenland,Neusiedl am See,Podersdorf,Weinberggasse 1,3.11.2022,10:8:41,16.8368875,47.8565454
Turmöl Quick,0,1.685,1.985,8510,at,Steiermark,Deutschlandsberg,Stainz,Grazer Straße 33,3.11.2022,10:9:34,15.2678969,46.8971308
avanti - Steyr Ennser Straße 16,0,1.721,2.013,4400,at,Oberösterreich,Steyr Land,Steyr,Ennser Strasse 16,3.11.2022,10:9:13,14.42064,48.05739
OIL! Tankstelle,0,1.789,2.009,6020,at,Tirol,Innsbruck,Innsbruck,Schusterbergweg 84,3.11.2022,10:9:42,11.432,47.2769
Diskonttankstelle Kaier,0,0,1.988,8561,at,Steiermark,Graz Umgebung,Söding,Packerstraße 106,3.11.2022,10:9:38,15.272992,47.002851
Bauchinger - Diskonttankstelle,0,1.739,2.028,4910,at,Oberösterreich,Ried,Ried im Innkreis,Magerlstraße 1,3.11.2022,10:9:23,13.4818461,48.2004742
O-Tank,0,1.699,1.989,7032,at,Burgenland,Mattersburg,Sigless,Haupstrasse 23,3.11.2022,10:8:40,16.3943503,47.7744266
Turmöl Quick,0,1.688,1.989,9560,at,Kärnten,Feldkirchen,Untere Glan,Bundesstraße 33,3.11.2022,10:8:51,14.1558516,46.7337805
SOCAR St. Pölten,0,1.686,1.978,3100,at,Niederösterreich,St. Pölten,Sankt Pölten,Praterstraße 30,3.11.2022,10:8:52,15.6239836,48.2134658
LSC Wenzl GmbH,0,0,2.013,7132,at,Burgenland,Neusiedl am See,Frauenkirchen,Krautgartengasse 20,3.11.2022,10:8:41,16.9238938,47.8438135
avanti - Linz Unionstraße 71a,0,1.714,2.018,4020,at,Oberösterreich,Linz Land,Linz,Unionstrasse 71a,3.11.2022,10:9:12,14.28828,48.28312
AVIA XPress (unser Service: Luft und Wasser),0,1.746,2.028,3580,at,Niederösterreich,Horn,Horn,Großburgstall 44,3.11.2022,10:8:59,15.5855281,48.6764781
Turmöl Quick,0,1.754,0,5270,at,Oberösterreich,Braunau,Mauerkirchen,Unterbrunning 7,3.11.2022,10:9:15,13.1314513,48.183217
F. LEITNER,0,0,2.034,9800,at,Kärnten,Spittal,Spittal,10.Oktoberstrasse 68,3.11.2022,10:8:47,13.484336342352295,46.80630924514659
Petschl Tankstelle,0,0,2.014,4320,at,Oberösterreich,Perg,Perg,Josef-Petschl-Straße 1,3.11.2022,10:9:22,14.596074,48.25254
BP Express,0,1.799,2.049,6220,at,Tirol,Schwaz,Buch b. Jenbach,Bundesstrasse,3.11.2022,10:9:49,11.77229,47.38314
Disk TANKAUTOMAT,0,1.759,2.049,6844,at,Vorarlberg,Feldkirch,Altach,Bauern 6,3.11.2022,10:9:52,9.66163,47.3529852
Tankstelle Hintersteiner - Qualitätsprodukte - Shell-Motorenöle,0,1.717,2.017,3261,at,Niederösterreich,Scheibbs,Steinakirchen,Hauptstraße 20,3.11.2022,10:9:7,15.0536983,48.0709673
BP,0,1.759,2.059,1200,at,Wien,Brigittenau,Wien,Dresdnerstrasse 8 ,3.11.2022,10:10:0,16.3748223,48.2408605
avanti - Ried im Innkreis Schärdinger Straße 16,0,1.742,0,4910,at,Oberösterreich,Ried,Ried im Innkreis,Schaerdinger Strasse 16,3.11.2022,10:9:23,13.48535,48.21309
avanti - Klagenfurt Feldkirchnerstraße 275,0,1.689,1.994,9020,at,Kärnten,Klagenfurt Land,Klagenfurt,Feldkirchnerstrasse 275,3.11.2022,10:8:44,14.28047,46.65383
avanti - Steyr Sierninger Straße 178,0,1.723,2.013,4400,at,Oberösterreich,Steyr Land,Steyr,Sierninger Strasse 178,3.11.2022,10:9:13,14.38747,48.04345
TURMÖL,0,1.691,1.993,2333,at,Niederösterreich,Wien Umgebung,Leopoldsdorf,Hennersdorferstrasse 40,3.11.2022,10:8:55,16.397545,48.115612
Disk + TANKAUTOMAT,0,1.755,2.045,6822,at,Vorarlberg,Feldkirch,Satteins,Alte Schlinserstraße 2,3.11.2022,10:9:52,9.6712333,47.222096
AVIA XPress (unser Service: Luft und Wasser),0,1.764,2.044,3822,at,Niederösterreich,Waidhofen/Thaya,Karlstein,Raabserstraße 8,3.11.2022,10:9:9,15.4072263,48.8814316
Gussmagg Dieseltankstelle,0,0,1.967,8212,at,Steiermark,Weiz,Pischelsdorf,Pischelsdorf 122,3.11.2022,10:9:39,15.7995454,47.1711466
SPRITINN,0,1.677,1.944,1050,at,Wien,Margareten,Wien,Rechte Wienzeile 43,3.11.2022,10:9:54,16.3587045,48.1963317
Genol Lagerhaus Tankstelle,0,0,2.049,3820,at,Niederösterreich,Waidhofen/Thaya,Raabs an der Thaya,Bahnstraße 20,3.11.2022,10:9:9,15.4967657,48.8432528
KOBRAS Spezielle ***Tankstelle*** INFO >,0,1.778,2.046,6951,at,Vorarlberg,Bregenz,"Lingenau, ",Hof 270a,3.11.2022,10:9:50,9.9248451,47.4508201
avanti - Wiener Neustadt Neunkirchner Straße 118,0,1.732,2.022,2700,at,Niederösterreich,Wiener Neustadt Land,Wiener Neustadt,Neunkirchner Strasse 118,3.11.2022,10:8:54,16.19135,47.78134
Turmöl Quick,0,0,1.987,5630,at,Salzburg,St. Johann,Bad Hofgastein,Weitmoserstr. 1,3.11.2022,10:9:30,13.1072403,47.1571884
Turmöl Quick,0,1.694,1.994,2325,at,Niederösterreich,Wien Umgebung,Himberg,Gutenhoferstraße 16,3.11.2022,10:8:55,16.4421257,48.0782678
OIL! Tankstelle,0,1.809,2.039,6621,at,Tirol,Reutte,Bichlbach,B 314 / B 179,3.11.2022,10:9:48,10.7829,47.4229
Turmöl Quick,0,1.754,0,8753,at,Steiermark,Judenburg,Fohnsdorf,Judenburger Straße 12,3.11.2022,10:9:41,14.6779343,47.2060639
Sprint - Landforst Weißkirchen,0,1.754,0,8741,at,Steiermark,Judenburg,Weißkirchen,Fisching 37,3.11.2022,10:9:40,14.734028263541672,47.15922191686116
avanti - Stegersbach Wiener Straße 3,0,1.739,1.994,7551,at,Burgenland,Güssing,Stegersbach,Wiener Strasse 3,3.11.2022,10:8:39,16.16488,47.16113
AVIA XPress (unser Service: Luft und Wasser),0,0,2.015,3532,at,Niederösterreich,Krems Land,Peygarten 208,Peygarten 208,3.11.2022,10:9:1,15.3323317,48.5837495
avanti - Wien Simmeringer Hauptstraße 5,0,1.693,1.993,1110,at,Wien,Simmering,Wien,Simmeringer Hauptstrasse 5,3.11.2022,10:9:55,16.4059,48.18388
Genol,0,1.749,0,3261,at,Niederösterreich,Scheibbs,Wolfpassing,Automeile 1,3.11.2022,10:9:7,15.057685,48.071871
Turmöl Quick,0,1.688,1.989,8570,at,Steiermark,Voitsberg,Voitsberg,Umfahrungsstraße 2,3.11.2022,10:9:39,15.1698067,47.0354119
Böhler`s Tankstelle,0,1.779,2.049,6932,at,Vorarlberg,Bregenz,Langen bei Bregenz,Reicharten 617,3.11.2022,10:9:50,9.822679,47.505693
avanti - Klagenfurt St.Veiter Straße 258,0,1.689,1.994,9020,at,Kärnten,Klagenfurt Land,Klagenfurt,St.Veiter Strasse 258,3.11.2022,10:8:44,14.31387,46.65337
BP,0,0,1.994,4780,at,Oberösterreich,Schärding,Schärding,Linzerstraße 52,3.11.2022,10:9:25,13.4358673,48.4511218
Gutmann ENI Tankstelle,0,1.794,0,6060,at,Tirol,Innsbruck Land,Hall ,Innsbruckerstraße 90,3.11.2022,10:9:43,11.4823698,47.2766173
Lagerhaus-Tankstelle 24 h,0,1.839,2.139,5584,at,Salzburg,Tamsweg,Zederhaus,Zederhaus 107,3.11.2022,10:9:31,13.5148341,47.1483845
Turmöl Tankstelle,0,1.758,2.038,8811,at,Steiermark,Murau,Scheifling,Kärntnerstraße 2,3.11.2022,10:9:38,14.4140374,47.1528366
avanti - Saalfelden Almerstraße 23,0,1.744,0,5760,at,Salzburg,Zell am See,Saalfelden,Almerstrasse 23,3.11.2022,10:9:32,12.85009,47.42305
LSC WENZL GMBH,0,0,2.013,7111,at,Burgenland,Neusiedl am See,Parndorf,"Neudorferstrasse, Betriebsgebiet 2 (Strassenmeisterei Parndorf)",3.11.2022,10:8:41,16.8709332,47.9991587
Diskont Tankstelle,0,1.744,2.026,3580,at,Niederösterreich,Horn,Horn,Pragerstraße 77 (Hofer Parkplatz),3.11.2022,10:8:59,15.640916,48.664169
Egger Wolfgang Internationale Transporte,0,0,2.015,6215,at,Tirol,Schwaz,Achenkirch,Achenkirch 205,3.11.2022,10:9:48,11.7083395,47.5160681
Stadtwerke Leoben,0,1.699,0,8700,at,Steiermark,Leoben,Leoben,Kerpelystraße 34,3.11.2022,10:9:36,15.0823166,47.3746958
SOCAR Faak am See,0,1.714,2.009,9583,at,Kärnten,Villach Land,Faak am See,Seeufer Landesstraße 24,3.11.2022,10:8:49,13.9186409,46.5653186
SOCAR Traisen,0,1.693,1.993,3160,at,Niederösterreich,Lilienfeld,Traisen,Mariazeller Straße 6,3.11.2022,10:9:2,15.60524,48.056097
Genol Lagerhaus Tankstelle,0,0,2.049,3830,at,Niederösterreich,Waidhofen/Thaya,Waidhofen an der Thaya,Raiffeisenstraße 10,3.11.2022,10:9:9,15.276709198951721,48.81313414767661
Turmöl Quick,0,1.673,0,4663,at,Oberösterreich,Gmunden,Laakirchen,Gmundnerstr. 35,3.11.2022,10:9:19,13.8203361,47.975562
AVIA Xpress (Automaten-Tankstelle),0,1.859,2.159,5580,at,Salzburg,Tamsweg,Tamsweg,Zinsgasse 21,3.11.2022,10:9:31,13.80501,47.132756
JVG JOHANNA - GARAGE GmbH,0,1.669,1.989,1050,at,Wien,Margareten,Wien,Johannagasse 28,3.11.2022,10:9:54,16.3473292,48.1854701
AVIA XPress (unser Service: Luft und Wasser),0,1.764,2.044,3843,at,Niederösterreich,Waidhofen/Thaya,Dobersberg,Waidhofener Straße 8,3.11.2022,10:9:9,15.320799,48.913686
Genol Lagerhaus Tankstelle,0,1.749,0,3261,at,Niederösterreich,Scheibbs,Steinakirchen,Am Burgersteg 5,3.11.2022,10:9:7,15.0503835,48.066906
www.voegel-trans.at,0,0,2.028,6933,at,Vorarlberg,Bregenz,Doren,Säge 156,3.11.2022,10:9:50,9.85336304,47.49052893
Genol - Lagerhaus,0,0,1.999,4173,at,Oberösterreich,Rohrbach,St. Veit ,Hansbergstrasse 22,3.11.2022,10:9:24,14.1568711,48.4675476
Sprint,0,1.692,1.992,8055,at,Steiermark,Graz,Graz,Triester Str. 328,3.11.2022,10:9:35,15.430686098181837,47.032970729609076
Turmöl Quick,0,1.714,2.013,3653,at,Niederösterreich,Melk,Weiten,Weiten 1,3.11.2022,10:9:3,15.2628862,48.2942038
Turmöl Quick,0,1.688,1.989,8570,at,Steiermark,Voitsberg,Voitsberg,Grazer Vorstadt 70,3.11.2022,10:9:39,15.1588515,47.0446452
Turmöl,0,1.799,0,9632,at,Kärnten,Hermagor,Kirchbach,Hauptstraße 94,3.11.2022,10:8:45,13.1799,46.64273
Turmöl Quick,0,1.699,1.989,8463,at,Steiermark,Leibnitz,Leutschach,Schlossberg 202,3.11.2022,10:9:36,15.4701057,46.6614397
Maroltinger Tankstelle,0,1.699,1.992,1160,at,Wien,Ottakring,Wien, Maroltingergasse 66,3.11.2022,10:9:59,16.3058551,48.2102455
avanti - Mauthausen Machlandstraße 5,0,1.694,1.989,4310,at,Oberösterreich,Perg,Mauthausen,Machlandstrasse 5,3.11.2022,10:9:22,14.53427,48.24347
Lagerhaus-Tankstelle 24 h,0,1.859,0,5580,at,Salzburg,Tamsweg,Tamsweg,Wöltingerstrasse 9a,3.11.2022,10:9:31,13.8082987,47.1346161
Turmöl Quick,0,1.723,2.015,3910,at,Niederösterreich,Zwettl,Zwettl,Kremserstraße 34,3.11.2022,10:9:11,15.1781478,48.6053521
Amort Tankstelle,0,1.809,2.039,6632,at,Tirol,Reutte,Ehrwald,Zugspitzstraße 19,3.11.2022,10:9:48,10.9156661,47.4104444
GENOL-LAGERHAUS,0,1.739,0,4240,at,Oberösterreich,Freistadt,Freistadt,Trölsberg 71,3.11.2022,10:9:18,14.4869588,48.4958148
Turmöl,0,0,1.999,9122,at,Kärnten,Völkermarkt,st.kanzian,klopeiner straße 6,3.11.2022,10:8:49,14.5751988,46.6149122
Diesel Prommegger St. Michael,0,0,2.119,5582,at,Salzburg,Tamsweg,St. Michael,Gewerbestraße 649,3.11.2022,10:9:31,13.6314642,47.0968149
AVIA,0,1.769,2.049,3830,at,Niederösterreich,Waidhofen/Thaya,Waidhofen/Thaya,Heidenreichsteiner Straße 25,3.11.2022,10:9:9,15.2768885,48.8183833
Turmöl Quick,0,1.737,2.017,9500,at,Kärnten,Villach,Villach,Triglavstraße 1,3.11.2022,10:8:44,13.8435871,46.5939688
Disk TANKAUTOMAT,0,1.774,2.064,6752,at,Vorarlberg,Bludenz,Dalaas,Klostertalerstraße 100,3.11.2022,10:9:49,10.0052375,47.123429
Turmöl Quick,0,1.728,2.008,9963,at,Tirol,Lienz,St. Jakob,Innerrotte 50,3.11.2022,10:9:47,12.3338164,46.9151971
DICKINGER Agrarhandel GmbH,0,0,1.979,4655,at,Oberösterreich,Gmunden,Vorchdorf,Stampfstraße 3,3.11.2022,10:9:18,13.9188821,48.0051382
Diesel-Klösch,0,0,1.992,8530,at,Steiermark,Deutschlandsberg,Deutschlandsberg,Mostbauerstrasse 3,3.11.2022,10:9:34,15.2361085,46.8271642
RUDOLF,0,0,1.989,9100,at,Kärnten,Völkermarkt,Völkermarkt,Klagenfurter Strasse 46,3.11.2022,10:8:49,14.6136657,46.657907
Turmöl Quick,0,1.689,1.989,2472,at,Niederösterreich,Bruck/Leitha,Prellenkirchen,Deutsch Altenburgerstraße 1,3.11.2022,10:8:55,16.9466248,48.0768643
SOCAR Leoben-I,0,1.734,0,8700,at,Steiermark,Leoben,Leoben,Kärntner Straße 105,3.11.2022,10:9:36,15.1055575,47.3801846
SOCAR Feldkirchen,0,1.693,1.991,9560,at,Kärnten,Feldkirchen,Feldkirchen,Doktor-Arthur-Lemisch-Straße 7,3.11.2022,10:8:51,14.089773,46.726235
SB DISKONT plus,0,1.688,1.988,8583,at,Steiermark,Voitsberg,Edelschrott,Packerstrasse 50,3.11.2022,10:9:39,15.0553276,47.0239873
Turmöl Quick,0,0,2.034,2243,at,Niederösterreich,Gänserndorf,Matzen,Reyerdorfer Straße 4a,3.11.2022,10:8:56,16.6948144,48.3976496
AVIA Xpress,0,1.712,2.023,4600,at,Oberösterreich,Wels,Wels,Reitschulgasse 9,3.11.2022,10:9:14,14.0346315,48.1670468
BP,0,1.719,0,1210,at,Wien,Floridsdorf,Wien,Donaufelderstr.91 ,3.11.2022,10:10:1,16.4184148,48.2532979
avanti - Sankt Florian/Inn Bundesstraße 129,0,1.713,0,4780,at,Oberösterreich,Schärding,Sankt Florian/Inn,Bundesstrasse 129,3.11.2022,10:9:26,13.44392,48.43865
avanti - Klagenfurt Görtschitztal Straße 22,0,1.673,1.993,9020,at,Kärnten,Klagenfurt Land,Klagenfurt,Goertschitztal Strasse 22,3.11.2022,10:8:44,14.37077,46.63785
Diskont Tankstelle,0,1.693,1.993,1110,at,Wien,Simmering,Wien,Simmeringer Hauptstraße 334 (Hofer Parkplatz),3.11.2022,10:9:55,16.462057,48.147895
GENOL-LH EFERDING-OÖ. MITTE eGen,0,0,1.999,4082,at,Oberösterreich,Eferding,ASCHACH AN DER DONAU,BAHNHOFSTRASSE 25,3.11.2022,10:9:16,14.009414,48.36248
Alberndorf Glanz,0,1.759,0,2054,at,Niederösterreich,Hollabrunn,Alberndorf,Hauptstraße 78,3.11.2022,10:8:59,16.1026869,48.7064986
Lagerhaus - Genol,0,1.759,0,3710,at,Niederösterreich,Hollabrunn,Ziersdorf,Hornerstrasse  43,3.11.2022,10:8:59,15.9208267,48.5293754
"TurboStopp, Freie Tankstelle",0,0,2.039,6281,at,Tirol,Schwaz,Gerlos,Gerlos 297,3.11.2022,10:9:48,12.0479962,47.2286462
Lagerhaus-Genol,0,1.719,0,7151,at,Burgenland,Neusiedl am See,Wallern,Bahnstraße 115,3.11.2022,10:8:41,16.9296436,47.7351682
Turmöl Quick,0,0,2.034,2263,at,Niederösterreich,Gänserndorf,Dürnkrut,Bernsteinstraße 48,3.11.2022,10:8:56,16.8486015,48.466849
Turmöl Quick,0,1.712,2.023,4600,at,Oberösterreich,Wels,Wels,Grieskirchnerstraße 4,3.11.2022,10:9:14,14.024823,48.169214
Turmöl Quick,0,0,2.021,8700,at,Steiermark,Leoben,Leoben,Zeltenschlagstraße 2,3.11.2022,10:9:36,15.0887587,47.3789195
BP - Lagerhaus,0,1.749,0,4161,at,Oberösterreich,Rohrbach,Ulrichsberg,Dreisesselbergstrasse 18,3.11.2022,10:9:24,13.9081676,48.6792247
Turmöl,0,1.698,1.999,9122,at,Kärnten,Völkermarkt,St.Kanzian,Klopeiner See Straße 1,3.11.2022,10:8:50,14.604615,46.6128356
eni/Zankl GmbH,0,1.799,2.079,9631,at,Kärnten,Hermagor,Jenig,Jenig 7,3.11.2022,10:8:45,13.2523853,46.6283556
AVIA ,0,1.749,1.999,5221,at,Oberösterreich,Braunau,Lochen,Gewerbestraße 6,3.11.2022,10:9:15,13.1833916,48.0089871
Genol - Lagerhaus,0,0,1.999,4174,at,Oberösterreich,Rohrbach,Niederwaldkirchen,Drautendorf 54,3.11.2022,10:9:24,14.052246,48.4412627
F. LEITNER,0,1.692,1.992,8041,at,Steiermark,Graz,Graz,Ziehrerstrasse 68,3.11.2022,10:9:33,15.452480159782615,47.039046605451354
Turmöl Quick,0,1.712,2.023,4600,at,Oberösterreich,Wels,Wels,Linzerstraße 92a,3.11.2022,10:9:14,14.043058,48.165209
Genol,0,1.769,0,3902,at,Niederösterreich,Waidhofen/Thaya,Vitis,Raiffeisenstraße 19,3.11.2022,10:9:9,15.1753462,48.7566554
Freie Tankstelle Nockenstein,0,1.768,0,5023,at,Salzburg,Salzburg Umgebung,Koppl,Wolfgangseestraße 35,3.11.2022,10:9:28,13.1112882,47.8203145
 LMEnergy Express,0,1.703,2.003,5600,at,Salzburg,St. Johann,St. Johann,Bundesstraße 2,3.11.2022,10:9:30,13.189367,47.3343734
Turmöl Quick,0,1.673,1.994,4813,at,Oberösterreich,Gmunden,Altmünster,Nachdemsee 12,3.11.2022,10:9:19,13.771423,47.884276
AVIA Xpress,0,1.739,0,4240,at,Oberösterreich,Freistadt,Freistadt,Linzerstraße 21,3.11.2022,10:9:18,14.503352,48.50627
AVIA Xpress (Automaten-Tankstelle),0,1.659,1.984,4850,at,Oberösterreich,Vöcklabruck,Timelkam,Salzburgerstr. 26,3.11.2022,10:9:27,13.60349,48.001815
Disk ,0,1.702,1.999,1140,at,Wien,Penzing,Wien,Ameisgasse 49-51,3.11.2022,10:9:57,16.2994762,48.1949066
Rumpold,0,1.729,2.021,8770,at,Steiermark,Leoben,St. Michael,Bundesstraße 50,3.11.2022,10:9:36,15.009137,47.350148
Shell Austria,0,1.729,1.987,1150,at,Wien,Rudolfsheim,WIEN,LINZER STR 2A,3.11.2022,10:9:58,16.32173,48.19039
SB-Tankstelle Zauner,0,1.677,1.977,4761,at,Oberösterreich,Schärding,Enzenkirchen,Jagern 18,3.11.2022,10:9:25,13.63102,48.37648
"Kreupl, Freie Tankstelle",0,1.699,0,4676,at,Oberösterreich,Grieskirchen,Aistersheim,Aistersheim 38,3.11.2022,10:9:20,13.739677,48.187439
AVIA XPress (unser Service: Luft und Wasser),0,1.717,2.017,3650,at,Niederösterreich,Melk,Pöggstall,Tavernplatz 9a,3.11.2022,10:9:3,15.1978073,48.317241
LSC Wenzl GmbH,0,0,2.013,7122,at,Burgenland,Neusiedl am See,Gols,Hochäcker 7,3.11.2022,10:8:41,16.9235613,47.9056277
SB-Tankstelle Schmied im Wald,0,0,1.998,4723,at,Oberösterreich,Grieskirchen,Natternbach,Gschaid 8,3.11.2022,10:9:19,13.6922177,48.4039189
avanti - Oeynhausen Ebreichsdorfer Straße 28,0,1.723,2.009,2512,at,Niederösterreich,Baden,Oeynhausen,Ebreichsdorfer Strasse 28,3.11.2022,10:8:54,16.29075,47.98609
Turmöl Quick,0,1.748,2.033,2640,at,Niederösterreich,Neunkirchen,Gloggnitz,Wiener Straße 106,3.11.2022,10:9:6,15.9573163,47.6727758
Schaumberger GesmbH,0,0,2.027,4240,at,Oberösterreich,Freistadt,Freistadt,Froschau 10,3.11.2022,10:9:17,14.5043854,48.5140105
Turmöl Quick,0,0,2.034,2230,at,Niederösterreich,Gänserndorf,Gänserndorf,Wienerstraße 14,3.11.2022,10:8:56,16.711388,48.3350589
Turmöl Quick,0,1.714,2.018,4020,at,Oberösterreich,Linz Land,Linz,Goethestraße 40,3.11.2022,10:9:12,14.297791,48.297625
F. LEITNER,0,1.692,1.992,8055,at,Steiermark,Graz,Graz,Puntigamerstrasse 143,3.11.2022,10:9:35,15.440831497753061,47.03196415085483
Shell Austria,0,1.809,2.099,1190,at,Wien,Döbling,WIEN,GRINZINGERSTRASSE 137,3.11.2022,10:9:59,16.36399,48.25463
Lagerhaus-Genol,0,1.719,0,7161,at,Burgenland,Neusiedl am See,St Andrae,Rübenplatz 1,3.11.2022,10:8:41,16.9475997,47.7806754
Magistrat Stadt Villach,0,1.719,1.969,9500,at,Kärnten,Villach,Villach,St. Johanner Straße 20,3.11.2022,10:8:44,13.8330066,46.6113273
123tanken.at - Tankstellenbetriebs & Service GmbH,0,1.719,2.049,1020,at,Wien,Leopoldstadt,Wien,Rotensterngasse 25,3.11.2022,10:9:53,16.3844335,48.2172366
avanti - Griffen,0,1.689,1.989,9112,at,Kärnten,Völkermarkt,Griffen, 33,3.11.2022,10:8:49,14.72846,46.70256
OIL! Tankstelle,0,1.691,1.993,1100,at,Wien,Favoriten,Wien,Himberger Strasse 50,3.11.2022,10:9:55,16.3835,48.1365
Turmöl Quick,0,1.764,2.044,3943,at,Niederösterreich,Gmünd,Schrems,Gmünderstraße 28 ,3.11.2022,10:8:57,15.0628909,48.7929004
Treibstoffparadies,0,1.729,0,8160,at,Steiermark,Weiz,Greith b. Weiz,Untergreith Nr. 8a,3.11.2022,10:9:40,15.6345625,47.1919833
"PINK - so pink, so clever",0,1.698,1.998,4070,at,Oberösterreich,Eferding,Eferding,Karl-Schachinger-Straße 17,3.11.2022,10:9:17,14.015287,48.3001235
TURMÖL powered by boesch energy,0,1.657,1.967,1120,at,Wien,Meidling,Wien,Schoenbrunner Strasse 213,3.11.2022,10:9:56,16.33505,48.18452
AVIA XPress (unser Service: Luft und Wasser),0,1.764,2.044,3950,at,Niederösterreich,Gmünd,Gmünd,Schremser Straße 50,3.11.2022,10:8:57,14.9982722,48.7693868
GENOL-LAGERHAUS,0,1.739,0,4240,at,Oberösterreich,Freistadt,Freistadt,Scharizerstrasse 2,3.11.2022,10:9:18,14.5047,48.515211
AVIA Xpress (Automaten-Tankstelle),0,1.742,0,4931,at,Oberösterreich,Ried,Mettmach,Rieder Straße 17,3.11.2022,10:9:23,13.347336,48.172218
Turmöl Quick,0,1.754,0,5145,at,Oberösterreich,Braunau,Neukirchen/Enknach,Salzburgerstraße 14,3.11.2022,10:9:15,13.0508818,48.1787503
LMEnergy Express,0,1.77,2.06,6706,at,Vorarlberg,Bludenz,Bürs,Almteilweg 1,3.11.2022,10:9:49,9.810635,47.151467
Disk Tankautomat ,0,1.787,1.999,6555,at,Tirol,Landeck,Kappl,Lochau 378,3.11.2022,10:9:46,10.3807965,47.063014
Turmöl Quick,0,1.714,2.018,4020,at,Oberösterreich,Linz Land,Linz,Wienerstraße 238,3.11.2022,10:9:12,14.314689,48.27066
LKW - Genol Lagerhaus,0,0,1.999,4161,at,Oberösterreich,Rohrbach,Ulrichsberg,Dreisesselbergstrasse 19,3.11.2022,10:9:24,13.907774,48.6786932
AVIA,0,1.728,2.02,3910,at,Niederösterreich,Zwettl,Zwettl,Franz Eigl-Str. 7,3.11.2022,10:9:11,15.1854858,48.6028473
M3 TANKSTELLE PUCHBERG ,0,1.739,2.039,2734,at,Niederösterreich,Neunkirchen,PUCHBERG AM SCHNEEBERG,SCHNEEBERG 29,3.11.2022,10:9:5,15.9091111,47.7887601
SOCAR Kaindorf,0,0,1.993,8430,at,Steiermark,Leibnitz,Kaindorf,Grazer Straße 134,3.11.2022,10:9:35,15.538406,46.794066
Turmöl Quick,0,1.717,2.007,7151,at,Burgenland,Neusiedl am See,Wallern,Bahnstraße 15,3.11.2022,10:8:41,16.9349372,47.725795
 Dieseltankstelle   Silo- Melmer,0,0,2.019,6460,at,Tirol,Imst,Imst,Industriezone 60,3.11.2022,10:9:42,10.7262341,47.2183541
IQ-Tankstelle Seiwald,0,1.779,2.079,9640,at,Kärnten,Hermagor,Kötschach-Mauthen,Mauthen 264,3.11.2022,10:8:45,12.9976327,46.6656107
LKW - Tankstelle,0,0,1.999,4164,at,Oberösterreich,Rohrbach,Schwarzenberg,Schwarzenberg 168,3.11.2022,10:9:24,13.8195391,48.7363868
NNB BRUNNENTANKSTELLE,0,0,1.998,1160,at,Wien,Ottakring,WIEN,Brunnengasse 4,3.11.2022,10:9:58,16.334813,48.20462
Disk TANKAUTOMAT,0,1.789,2.019,6424,at,Tirol,Innsbruck Land,Silz,Tirolerstraße 14,3.11.2022,10:9:42,10.9373833,47.2687587
Genol Lagerhaus Tankstelle,0,0,2.049,3844,at,Niederösterreich,Waidhofen/Thaya,Waldkirchen an der Thaya,Waldkirchen 44,3.11.2022,10:9:9,15.3565481,48.9367125
Turmöl Quick,0,1.739,2.019,5730,at,Salzburg,Zell am See,Mittersill,Zellerstraße 26,3.11.2022,10:9:32,12.4911117,47.2851698
GENOL-LAGERHAUS,0,1.739,0,4242,at,Oberösterreich,Freistadt,Hirschbach,Gusenstrasse 3,3.11.2022,10:9:18,14.4124628,48.4870345
AVIA,0,0,2.049,3812,at,Niederösterreich,Waidhofen/Thaya,Groß-Siegharts,Waidhofnerstraße 3a,3.11.2022,10:9:9,15.4033682,48.7895422
AWI-Diskont Automatentankstelle,0,0,2.022,2020,at,Niederösterreich,Hollabrunn,Schöngrabern,Hauptstraße 140,3.11.2022,10:8:58,16.063085,48.601151
GENOL-LAGERHAUS,0,1.739,0,4291,at,Oberösterreich,Freistadt,Lasberg,Oswalderstrasse 33,3.11.2022,10:9:18,14.5475483,48.4734549
E. Tschuchnigg ,0,1.679,1.979,8511,at,Steiermark,Deutschlandsberg,St. Stefan,Nr. 140,3.11.2022,10:9:34,15.253208,46.928711
avanti - Alkoven Strass 16,0,1.693,1.993,4072,at,Oberösterreich,Eferding,Alkoven,Strass 16,3.11.2022,10:9:16,14.07613,48.28792
"PINK - so pink, so clever",0,1.699,1.988,4100,at,Oberösterreich,Urfahr Umgebung,Ottensheim,Linzer-Straße 60,3.11.2022,10:9:26,14.1836354,48.3354792
"BELLINGER, freie Tankstelle",0,1.739,2.009,6385,at,Tirol,Kitzbühel,Schwendt bei Kössen,Unterschwendt 46,3.11.2022,10:9:44,12.4044,47.6481
Disk ,0,1.779,1.999,6020,at,Tirol,Innsbruck,Innsbruck,Anton Rauch Straße 8,3.11.2022,10:9:41,11.4102173,47.2826206
Paulischin,0,0,2.039,2734,at,Niederösterreich,Neunkirchen,Puchberg, Unternbergweg 1,3.11.2022,10:9:5,15.8960945,47.7917642
Disk TANKAUTOMAT,0,1.764,2.044,3950,at,Niederösterreich,Gmünd,Gmünd,Weitraer Straße 109,3.11.2022,10:8:58,14.970329,48.762337
Diskont-Tankstelle,0,1.699,1.999,7022,at,Burgenland,Mattersburg,Schattendorf,Hauptstraße 121,3.11.2022,10:8:40,16.512151,47.712072
Gutmann ENI Tankstelle,0,1.809,2.039,6632,at,Tirol,Reutte,Ehrwald,Schanz 1a,3.11.2022,10:9:48,10.9185006,47.4322164
Gutmann ENI Tankstelle,0,1.789,2.029,6677,at,Tirol,Reutte,Schattwald,Schattwald 29,3.11.2022,10:9:48,10.4562635,47.5163436
Shell-Tankstelle  Laugus Silvia,0,1.809,0,6642,at,Tirol,Reutte,Stanzach,Bundesstr. 149,3.11.2022,10:9:48,10.561535,47.385995
GENOL-LH EFERDING-OÖ. MITTE eGen,0,1.699,1.999,4070,at,Oberösterreich,Eferding,EFERDING,BAHNHOFSTRASSE 51-55,3.11.2022,10:9:17,14.0143393,48.3021109
BP,0,1.734,2.034,1200,at,Wien,Brigittenau,Wien,Handelskai 90,3.11.2022,10:10:0,16.3843336,48.2430922
Turmöl Quick,0,1.664,1.989,4840,at,Oberösterreich,Vöcklabruck,Vöcklabruck,Linzerstraße 22,3.11.2022,10:9:27,13.6621207,48.0036408
avanti - Haldensee Seestraße 5,0,1.784,2.024,6673,at,Tirol,Reutte,Haldensee,Seestrasse 5,3.11.2022,10:9:48,10.55756,47.49479
Genol Lagerhaus Tankstelle,0,0,2.049,3812,at,Niederösterreich,Waidhofen/Thaya,Groß Siegharts,Silostraße 5,3.11.2022,10:9:9,15.408926010131836,48.788983283912714
Lagerhaus-Genol,0,1.719,0,7121,at,Burgenland,Neusiedl am See,Weiden,Triftstraße 24,3.11.2022,10:8:41,16.874917,47.9276196
Tanke Blaguss,0,0,1.979,7000,at,Burgenland,Eisenstadt,Eisenstadt,Industriestraße,3.11.2022,10:8:38,16.5336044,47.8328353
SB DISKONT plus,0,1.688,1.988,8570,at,Steiermark,Voitsberg,Bärnbach,Packerstrasse 4,3.11.2022,10:9:39,15.1369005,47.0547254
LMEnergy Express,0,1.734,0,5081,at,Salzburg,Salzburg Umgebung,Anif,Salzachtalbundesstraße 111,3.11.2022,10:9:30,13.0641858,47.7313262
Lagerhaus-Genol,0,1.719,0,7131,at,Burgenland,Neusiedl am See,Halbturn,Andauerstraße 1,3.11.2022,10:8:41,16.9760281,47.8702538
Lagerhaus-Genol,0,1.719,0,7162,at,Burgenland,Neusiedl am See,Tadten,Lagerplatz 2,3.11.2022,10:8:41,16.9905274,47.7637837
"PINK - so pink, so clever",0,1.698,1.998,4070,at,Oberösterreich,Eferding,Eferding,Schmiedstraße 29,3.11.2022,10:9:17,14.0209109,48.3081944
Disk TANKAUTOMAT,0,1.755,2.045,6800,at,Vorarlberg,Feldkirch,Feldkirch,Königshofstraße 14,3.11.2022,10:9:52,9.6153319,47.2634002
Turmöl Quick,0,1.73,2.013,2751,at,Niederösterreich,Wiener Neustadt Land,Matzendorf-Hölles,Badenerstraße 51,3.11.2022,10:9:10,16.219604,47.887392
Tankstelle OBERHOFER,0,0,2.019,2032,at,Niederösterreich,Hollabrunn,Enzersdorf im Thale,Enzersdorf im Thale,3.11.2022,10:9:0,16.245024,48.585692
Wildenhofer Diesel Tankstelle,0,0,1.995,5020,at,Salzburg,Salzburg Umgebung,Salzburg,Gniglerstraße 5-7,3.11.2022,10:9:27,13.0497956,47.8157985
F. LEITNER - Kult 34,0,0,2.024,9586,at,Kärnten,Villach Land,Fürnitz,Industriestraße 18a,3.11.2022,10:8:48,13.822157200546668,46.5662344184139
AVIA XPress (unser Service: Luft und Wasser),0,1.728,2.02,3910,at,Niederösterreich,Zwettl,Zwettl,Weitraer Straße 20,3.11.2022,10:9:11,15.1623475,48.6110263
Öllinger GmbH,0,1.725,2.035,3262,at,Niederösterreich,Scheibbs,Wang,Am Anger 1,3.11.2022,10:9:7,15.0241466,48.0406463
Disk TANKAUTOMAT,0,1.754,0,5222,at,Oberösterreich,Braunau,Munderfing,Hauptstraße 112,3.11.2022,10:9:15,13.177966,48.074402
Disk,0,1.784,2.004,6060,at,Tirol,Innsbruck Land,Hall,Innsbrucker Straße 28,3.11.2022,10:9:43,11.4950006,47.2783007
"PINK - so pink, so clever",0,1.699,1.999,4082,at,Oberösterreich,Eferding,Aschach an der Donau,Bahnhofstrasse 26,3.11.2022,10:9:17,14.010318,48.363754
avanti - Sankt Jakob im Rosental 141,0,1.699,2.014,9184,at,Kärnten,Villach Land,Sankt Jakob im Rosental, 141,3.11.2022,10:8:48,14.06226,46.54654
Turmöl Quick,0,1.734,2.029,9545,at,Kärnten,Spittal,Radenthein,Millstätterstraße 21,3.11.2022,10:8:48,13.6962295,46.7983963
Disk TANKAUTOMAT,0,1.779,1.989,6524,at,Tirol,Landeck,Kaunertal,Kaunertal 101,3.11.2022,10:9:46,10.7499389,47.0365443
avanti - Arzl im Pitztal Dorfstraße 16,0,0,2.024,6471,at,Tirol,Imst,Arzl im Pitztal,Dorfstrasse 16,3.11.2022,10:9:42,10.75935,47.21094
SB-Tankstelle Zauner,0,0,1.99,4780,at,Oberösterreich,Schärding,Schärding,Ludwig-Paglstr. 1,3.11.2022,10:9:25,13.439305,48.447209
Turmöl Quick,0,1.694,1.979,1140,at,Wien,Penzing,Wien,Schlossallee 2,3.11.2022,10:9:57,16.314299,48.1893108
 Diskonttankstelle Brüllmeir,0,1.715,2.015,4593,at,Oberösterreich,Kirchdorf,Obergrünburg,Steyrtalstraße 18,3.11.2022,10:9:20,14.2543489,47.9586823
Land lebt auf !,0,0,2.029,8741,at,Steiermark,Judenburg,Eppenstein,Eppenstein 1,3.11.2022,10:9:40,14.7383998,47.1314124
AVIA XPress (unser Service: Luft und Wasser),0,1.769,2.044,3902,at,Niederösterreich,Waidhofen/Thaya,Vitis,Europastraße,3.11.2022,10:9:9,15.194403,48.75864
Turmöl Quick,0,1.664,1.989,4840,at,Oberösterreich,Vöcklabruck,Vöcklabruck,Linzerstraße 37,3.11.2022,10:9:27,13.6623954,48.0033238
Turmöl Quick,0,0,2.014,4643,at,Oberösterreich,Kirchdorf,Pettenbach,Scharnsteiner Straße 38,3.11.2022,10:9:20,14.0002593,47.9383964
Disk,0,1.729,2.029,1020,at,Wien,Leopoldstadt,Wien,Franzensbrückenstrasse 15,3.11.2022,10:9:53,16.3916044,48.2146367
Rumpold,0,1.729,2.021,8794,at,Steiermark,Leoben,Vordernberg,Gewerbepark 9,3.11.2022,10:9:36,14.99141,47.46366
Loacker Tours GmbH (Diesel + Super95),0,1.759,2.049,6842,at,Vorarlberg,Feldkirch,Koblach,Bundesstraße 17,3.11.2022,10:9:52,9.6285154,47.323657
Urschitz,0,1.714,2.015,9584,at,Kärnten,Villach Land,Finkenstein,Faakerseestraße 20,3.11.2022,10:8:48,13.9150633,46.5611325
avanti - Linz Franzosenhausweg 1,0,1.714,2.018,4020,at,Oberösterreich,Linz Land,Linz,Franzosenhausweg 1,3.11.2022,10:9:12,14.29472,48.24886
Treibstoffparadies,0,0,1.994,8524,at,Steiermark,Deutschlandsberg,Bad Gams,Bad Gams 5,3.11.2022,10:9:34,15.2233968,46.8695627
Genol LGH Waldhausen_(-TKK Abschlag),0,1.699,0,4391,at,Oberösterreich,Perg,Waldhausen,Markt 94,3.11.2022,10:9:22,14.9508179,48.2722
Turmöl Quick,0,0,2.034,2261,at,Niederösterreich,Gänserndorf,Angern,Bahnstraße 30,3.11.2022,10:8:56,16.8289382,48.3817953
Turmöl,0,1.748,2.03,3580,at,Niederösterreich,Horn,Horn,Mold 1a,3.11.2022,10:8:59,15.7066824,48.6390981
F. LEITNER,0,1.692,1.992,8055,at,Steiermark,Graz,Graz,Frachtengasse 4,3.11.2022,10:9:35,15.431912942883594,47.02840962510852
Franz Rieß,0,0,2.019,5231,at,Oberösterreich,Braunau,Schalchen,Langwiedmoos 2,3.11.2022,10:9:15,13.1772681,48.1024593
BP,0,1.809,2.099,1190,at,Wien,Döbling,Wien,Heiligenstaedterstr.77 ,3.11.2022,10:9:59,16.3613545,48.2438482
"avanti - Neulengbach, Tullner Straße 1b",0,0,1.979,3040,at,Niederösterreich,St. Pölten Land,Neulengbach,Tullner Strasse 1b,3.11.2022,10:9:6,15.89473,48.19262
Shell Austria,0,1.809,2.099,1190,at,Wien,Döbling,WIEN,HEILIGENSTAEDTERSTR. 60,3.11.2022,10:9:59,16.36138,48.24161
GENOL-LH EFERDING-OÖ. MITTE eGen,0,0,1.999,4731,at,Oberösterreich,Eferding,PRAMBACHKIRCHEN,GRIESKIRCHNERSTRASSE 6,3.11.2022,10:9:16,13.903348,48.310987
Wölfl,0,0,1.938,4963,at,Oberösterreich,Braunau,St. Peter am Hart,Gewerbestraße 10,3.11.2022,10:9:14,13.077085,48.255305
Treibstoffparadies,0,1.694,1.994,8530,at,Steiermark,Deutschlandsberg,Deutschlandsberg,Radlpassstraße 2,3.11.2022,10:9:34,15.2382304,46.8286937
GENOL-LH EFERDING-OÖ. MITTE eGen,0,0,1.999,4072,at,Oberösterreich,Eferding,ALKOVEN,SCHLOSSSTRASSE 51,3.11.2022,10:9:16,14.11491,48.288005
BP,0,1.749,2.029,1050,at,Wien,Margareten,Wien,Margaretenguertel 43-45 ,3.11.2022,10:9:54,16.3517548,48.1796472
ESW Dieselkraftstoff,0,0,2.016,6845,at,Vorarlberg,Dornbirn,Hohenems,Kaulbachstraße 6,3.11.2022,10:9:51,9.680457,47.363987
Turmöl Quick,0,0,1.994,9020,at,Kärnten,Klagenfurt Land,Klagenfurt,Rosentalerstraße 138,3.11.2022,10:8:43,14.299279,46.6086948
GENOL-LH EFERDING-OÖ. MITTE eGen,0,0,1.999,4083,at,Oberösterreich,Eferding,HAIBACH OB DER DONAU,BERGERSTRASSE 1,3.11.2022,10:9:16,13.916588,48.416328
BP - Lagerhaus,0,1.699,0,4150,at,Oberösterreich,Rohrbach,Rohrbach,Scheiblberg 44,3.11.2022,10:9:24,13.9935071,48.5621814
BP - Lagerhaus,0,1.749,0,4164,at,Oberösterreich,Rohrbach,Schwarzenberg,Schwarzenberg 168,3.11.2022,10:9:25,13.8195141,48.7363704
Genol - Raiffeisenlagerhaus St. Pölten,0,1.703,1.998,3184,at,Niederösterreich,Lilienfeld,Türnitz,Mariazeller Strasse 18,3.11.2022,10:9:2,15.497417449951172,47.93719784267224
Tankstelle Holzgethan,0,1.728,2.028,2831,at,Niederösterreich,Neunkirchen,Warth,Marktstraße 39,3.11.2022,10:9:5,16.1264914,47.6471798
Genol - Lagerhaus,0,0,1.999,4150,at,Oberösterreich,Rohrbach,Rohrbach,Scheiblberg 44,3.11.2022,10:9:24,13.9935071,48.5621814
avanti - Heidenreichstein Schremser Straße 52,0,1.764,0,3860,at,Niederösterreich,Gmünd,Heidenreichstein,Schremser Strasse 52,3.11.2022,10:8:57,15.12039,48.86169
BP,0,1.729,2.019,1140,at,Wien,Penzing,Wien,Maroltingergasse 5 ,3.11.2022,10:9:57,16.3028796,48.203324
Disk TANKAUTOMAT,0,1.794,0,6404,at,Tirol,Innsbruck Land,Polling in Tirol,Gewerbezone 12,3.11.2022,10:9:44,11.143494,47.285421
BP,0,1.729,2.019,1140,at,Wien,Penzing,Wien,Linzer Str. 135-137 ,3.11.2022,10:9:57,16.3017905,48.1933363
M3 Tankautomat Fresing,0,1.699,0,8441,at,Steiermark,Leibnitz,Fresing,Fresing 150,3.11.2022,10:9:36,15.4465775,46.7588049
Shell Austria,0,1.759,0,1160,at,Wien,Ottakring,WIEN,PFENNINGGELDG 2/ECKE HERBSTSTRASSE,3.11.2022,10:9:59,16.31328,48.20786
Shell Austria,0,1.739,2.019,1150,at,Wien,Rudolfsheim,WIEN,OEVERSEESTRASSE 2B,3.11.2022,10:9:58,16.31767,48.20186
Lagerhaus Tankstelle ,0,1.719,0,9184,at,Kärnten,Villach Land,Sankt Jakob,Sankt Jakob 70,3.11.2022,10:8:49,14.049067,46.551601
Genol - Lagerhaus,0,0,1.999,4170,at,Oberösterreich,Rohrbach,Haslach,Sternwaldstrasse 56,3.11.2022,10:9:24,14.0553602,48.5733215
Shell Austria,0,0,2.019,1140,at,Wien,Penzing,WIEN,HADIKGASSE 128-134,3.11.2022,10:9:57,16.294513,48.190443
Shell Austria,0,1.759,2.049,1020,at,Wien,Leopoldstadt,WIEN,AUSSTELLUNGSSTRASSE 4,3.11.2022,10:9:53,16.39464,48.21777
AP-Trading GmbH,0,1.749,2.029,5412,at,Salzburg,Hallein,Puch,Urstein Nord 75,3.11.2022,10:9:29,13.0826309,47.7405295
Shell Austria,0,0,2.054,6200,at,Tirol,Schwaz,JENBACH,ACHENSEE-STRASSE 2,3.11.2022,10:9:48,11.77445,47.3885
avanti - Vösendorf Metro Platz 1,0,1.683,1.983,2331,at,Niederösterreich,Mödling,Voesendorf,Metro Platz 1,3.11.2022,10:9:5,16.32296,48.12534
Disk TANKAUTOMAT,0,1.738,2.018,9971,at,Tirol,Lienz,Matrei in Osttirol,Seblas 33,3.11.2022,10:9:47,12.544411,46.9898422
Diesel,0,0,2.025,9701,at,Kärnten,Spittal,Rothenthurn,Lagerhaus Rothenthurn 13,3.11.2022,10:8:47,13.5803153,46.7606041
yes,0,1.718,1.988,8211,at,Steiermark,Weiz,Großpesendorf,Großpesendorf 41,3.11.2022,10:9:39,15.76905,47.150297
GENOL - Lagerhaus,0,1.719,2.003,2700,at,Niederösterreich,Wiener Neustadt Land,Wr. Neustadt,Wienerstraße 95a,3.11.2022,10:8:53,16.2439872,47.8296057
avanti - Schwechat Bruck-Hainburger Straße 24a,0,1.693,1.994,2320,at,Niederösterreich,Wien Umgebung,Schwechat,Bruck-Hainburger Strasse 24a,3.11.2022,10:8:55,16.4855,48.1397
IQ Tankstelle,0,1.749,0,4143,at,Oberösterreich,Rohrbach,Neustift,Rannariedlerstrasse 10,3.11.2022,10:9:25,13.755291,48.503373
IQ  Tankomat Allhaming,0,1.704,0,4511,at,Oberösterreich,Linz Land,Allhaming,Poststrasse 3,3.11.2022,10:9:22,14.158255,48.153132
Turmöl Quick,0,1.734,0,7433,at,Burgenland,Oberwart,Mariasdorf,Mariasdorf 54,3.11.2022,10:8:43,16.240665,47.3629773
BP,0,1.737,2.027,2821,at,Niederösterreich,Wiener Neustadt Land,Frohsdorf,Wr.Neustaedt.Str.120,3.11.2022,10:9:10,16.252985,47.755007
Disconttankstelle Huber Petrol,0,1.668,1.978,5141,at,Oberösterreich,Braunau,Moosdorf,Gewerbepark Süd 3,3.11.2022,10:9:15,12.9885879,48.0391046
IQ Tankstelle,0,1.729,0,2000,at,Niederösterreich,Korneuburg,Stockerau,Donaukraftwerkstrasse 1,3.11.2022,10:9:0,16.237686,48.375765
LAGERHAUS Genol mit Tankkartensystem,0,1.719,0,2523,at,Niederösterreich,Baden,Tattendorf,Oberwaltersdorferstraße 2,3.11.2022,10:8:54,16.3066358,47.956716
Gutmann ENI Tankstelle,0,1.789,1.999,6522,at,Tirol,Landeck,Prutz,Gewerbestraße 2,3.11.2022,10:9:46,10.6671344,47.0914553
BP,0,1.789,0,6020,at,Tirol,Innsbruck,Innsbruck,Höttinger Au 45,3.11.2022,10:9:42,11.3779445507503,47.2648170781453
Turmöl Quick,0,1.591,1.941,3430,at,Niederösterreich,Tulln,Tulln,Jahnstraße 47,3.11.2022,10:9:8,16.0449461,48.3280541
BP,0,0,2.019,1140,at,Wien,Penzing,Wien,Hadikgasse/Kefergasse ,3.11.2022,10:9:57,16.2776905,48.1927168
avanti - Ort im Innkreis Kammer 19,0,0,1.963,4974,at,Oberösterreich,Ried,Ort im Innkreis,Kammer 19,3.11.2022,10:9:23,13.42524,48.31724
BP,0,1.729,2.019,1160,at,Wien,Ottakring,Wien,Gablenzgasse 72 ,3.11.2022,10:9:59,16.321692,48.206071
avanti - Zirl Meilstraße 49,0,1.794,0,6170,at,Tirol,Innsbruck Land,Zirl,Meilstrasse 49,3.11.2022,10:9:43,11.25196,47.27135
Sprint - Landforst Möderbrugg,0,0,2.024,8763,at,Steiermark,Judenburg,Möderbrugg,Hauptstraße 54,3.11.2022,10:9:40,14.48897957211077,47.267529593457006
TURMÖL powered by boesch energy,0,1.657,1.967,1160,at,Wien,Ottakring,Wien,Baldiagasse 14a,3.11.2022,10:9:58,16.3244884,48.215105
Diskont Pöltl,0,1.649,0,7312,at,Burgenland,Oberpullendorf,Unterpetersdorf,Hofstatt 21,3.11.2022,10:8:42,16.579503,47.5907015
Turmöl Quick,0,1.742,0,4942,at,Oberösterreich,Ried,Gurten,Rieder Straße 8,3.11.2022,10:9:23,13.3481402,48.2392811
F. LEITNER,0,1.709,0,8472,at,Steiermark,Leibnitz,Vogau,Rebenland Center Straße 2,3.11.2022,10:9:36,15.602338879077399,46.73890659116481
Shell Tankstelle,0,0,2.029,2191,at,Niederösterreich,Mistelbach,Schrick,Antensee 3,3.11.2022,10:9:4,16.617422,48.519049
Genol,0,0,2.029,2136,at,Niederösterreich,Mistelbach,Laa/Thaya,Thayapark 1-2,3.11.2022,10:9:4,16.3790297,48.7147259
Wölfl,0,0,1.938,4974,at,Oberösterreich,Ried,Reichersberg,Kammer 38 - Gewerbegebiet,3.11.2022,10:9:23,13.425225,48.308489
BP,0,1.779,2.079,1010,at,Wien,Innere Stadt,Wien,Franz Josefskai/Morzinpl ,3.11.2022,10:9:53,16.3743119,48.2123537
Wälderhaus,0,1.78,0,6941,at,Vorarlberg,Bregenz,Langenegg,Gfäll 134,3.11.2022,10:9:51,9.900355,47.472489
AVIA,0,0,1.959,7435,at,Burgenland,Oberwart,Unterkohlstätten,Weissenbachel 102,3.11.2022,10:8:42,16.3237633,47.3749826
Turmöl,0,1.739,0,4240,at,Oberösterreich,Freistadt,Freistadt,Pragerstrasse 3,3.11.2022,10:9:18,14.5027188,48.5144615
BP,0,1.708,2.008,5600,at,Salzburg,St. Johann,St. Johann,Bundesstraße 2,3.11.2022,10:9:31,13.189367,47.3343734
SOCAR Kirchdorf a. d. Krems,0,1.722,2.018,4560,at,Oberösterreich,Kirchdorf,Kirchdorf a. d. Krems,Bambergstraße 44,3.11.2022,10:9:21,14.122109,47.903796
Shell,0,0,2.139,5582,at,Salzburg,Tamsweg,St. Michael,Austrasse 21,3.11.2022,10:9:31,13.6359162,47.0948959
SOCAR Wien-Endresstraße,0,1.689,1.989,1230,at,Wien,Liesing,Wien,Endresstraße 69,3.11.2022,10:10:2,16.2777595,48.1486138
OIL! Tankstelle,0,1.759,2.049,6845,at,Vorarlberg,Dornbirn,Hohenems,Furchgasse 2A,3.11.2022,10:9:51,9.70549,47.3801
avanti - Sankt Veit an der Glan Klagenfurter Straße 78,0,1.709,2.009,9300,at,Kärnten,St. Veit,Sankt Veit an der Glan,Klagenfurter Strasse 78,3.11.2022,10:8:47,14.36625,46.76102
SOCAR Wien-Altmannsdorferstraße,0,1.689,1.989,1230,at,Wien,Liesing,Wien,Altmannsdorfer Straße 200a,3.11.2022,10:10:2,16.3237024,48.1400585
AVIA Xpress (Automaten-Tankstelle),0,1.704,0,4501,at,Oberösterreich,Linz Land,Neuhofen an der Krems,Kremstalstrasse 50,3.11.2022,10:9:22,14.220532,48.131053
Turmöl Quick,0,1.742,0,4906,at,Oberösterreich,Ried,Eberschwang,Eberschwang 98,3.11.2022,10:9:23,13.5618253,48.1568483
OIL! Tankstelle,0,1.729,0,2111,at,Niederösterreich,Korneuburg,Tresdorf Leobendorf,Gewerbepark Tresdorf,3.11.2022,10:9:0,16.3549,48.3661
AVIA XPress (unser Service: Luft und Wasser),0,1.764,2.044,3970,at,Niederösterreich,Gmünd,Altweitra 47,Altweitra 47,3.11.2022,10:8:57,14.9108061,48.7289374
SOCAR Stockerau,0,0,2.018,2000,at,Niederösterreich,Korneuburg,Stockerau,Eduard-Rösch-Straße 69-73,3.11.2022,10:9:0,16.226451,48.3872641
TURMÖL Quick powered by boesch energy,0,1.717,2.007,7141,at,Burgenland,Neusiedl am See,Podersdorf,Neusiedlerstr. 67,3.11.2022,10:8:41,16.8432788,47.8587366
avanti - Sankt Margarethen an der Raab 190,0,0,1.994,8321,at,Steiermark,Weiz,Sankt Margarethen an der Raab, 190,3.11.2022,10:9:39,15.74609,47.04704
SOCAR Gmunden,0,1.673,1.994,4810,at,Oberösterreich,Gmunden,Gmunden,Mühlwangstraße 20,3.11.2022,10:9:19,13.8053132,47.9206129
LMEnergy Express,0,1.744,0,5751,at,Salzburg,Zell am See,Maishofen,Zellerstraße 1,3.11.2022,10:9:32,12.7995335,47.3594885
Turmöl,0,1.699,1.993,4201,at,Oberösterreich,Urfahr Umgebung,Gramastetten,Wöranstraße 2,3.11.2022,10:9:26,14.1933142,48.3800171
Turmöl ,0,1.749,2.009,8755,at,Steiermark,Judenburg,Rothenthurm,Triesterstrasse 14,3.11.2022,10:9:40,14.6057218,47.1780208
A1 Tankstelle Pöls,0,0,2.024,8761,at,Steiermark,Judenburg,Pöls,Tauernstraße 47,3.11.2022,10:9:40,14.5751201,47.2157962
Mössmer Transporte,0,0,1.999,6111,at,Tirol,Innsbruck Land,Volders,Gewerbestraße 1,3.11.2022,10:9:43,11.5734834,47.2899507
Shell Hall in Tirol,0,1.794,0,6060,at,Tirol,Innsbruck Land,Hall in Tirol,Pfannhausstrasse 10,3.11.2022,10:9:43,11.50315995,47.27964999
AVIA,0,1.749,2.019,6345,at,Tirol,Kitzbühel,Kössen,Kaltenbach 21,3.11.2022,10:9:44,12.4253387,47.6620529
Rickl Mühle,0,1.728,2.018,2221,at,Niederösterreich,Gänserndorf,Groß Schweinbarth,Raggendorfer Straße 1,3.11.2022,10:8:56,16.6461741,48.4018614
Diesel-Benzin-Diskont Groiss ,0,1.704,1.98,2000,at,Niederösterreich,Korneuburg,Stockerau,Josef-Jessernigg-Straße 3,3.11.2022,10:9:0,16.232125,48.387907
SOCAR Weitensfeld,0,1.723,2.019,9344,at,Kärnten,St. Veit,Weitensfeld,Kaindorf 27,3.11.2022,10:8:47,14.1672939,46.8510669
AVIA,0,0,2.054,6200,at,Tirol,Schwaz,Jenbach,Austraße 26,3.11.2022,10:9:48,11.7855675,47.3892748
Sprint - Landforst Knittelfeld,0,1.754,0,8720,at,Steiermark,Knittelfeld,Knittelfeld,Leobner Strasse 9,3.11.2022,10:9:40,14.839723501151141,47.217368366589476
TURMTANKSTELLE,0,0,1.98,5204,at,Salzburg,Salzburg Umgebung,Straßwalchen,Irrsdorfer Bachstraße Nr. 47,3.11.2022,10:9:29,13.276355,47.967945
eni24,0,1.669,1.979,3002,at,Niederösterreich,Wien Umgebung,Purkersdorf,Wiener Strasse 48,3.11.2022,10:9:6,16.192861,48.205435
Grübler Thomas Dieseltankstelle,0,0,1.997,5640,at,Salzburg,St. Johann,Bad Gastein,Böcksteiner Bundesstraße 15,3.11.2022,10:9:30,13.1342715,47.1054555
Toms Kfz Teile,0,1.687,0,2164,at,Niederösterreich,Mistelbach,Wildendürnbach,Wildendürnbach 110,3.11.2022,10:9:4,16.501615,48.756557
SOCAR Michelhausen,0,0,1.939,3451,at,Niederösterreich,Tulln,Michelhausen,Bergstraße 1,3.11.2022,10:9:8,15.9296682,48.2814015
Lagerhaus,0,0,1.999,9064,at,Kärnten,St. Veit,Magdalensberg,Görtschitztalstrasse 146,3.11.2022,10:8:46,14.4200719,46.6734993
,0,0,2.009,3650,at,Niederösterreich,Melk,Pöggstall,Neukirchen 19,3.11.2022,10:9:3,15.1619335,48.2893261
BP,0,1.749,2.019,6345,at,Tirol,Kitzbühel,Koessen,Huette 15 ,3.11.2022,10:9:44,12.4129411,47.6618131
Turmöl,0,0,2.019,4400,at,Oberösterreich,Steyr Land,Steyr,Franz-Paulmayr-Straße 100,3.11.2022,10:9:13,14.4153482,48.0491145
Shell Austria,0,1.869,0,5580,at,Salzburg,Tamsweg,TAMSWEG,ZINSGASSE 20,3.11.2022,10:9:31,13.8077,47.13165
Deine Tankstelle,0,1.727,1.987,8261,at,Steiermark,Weiz,Sinabelkirchen,Égelsdorf 14,3.11.2022,10:9:40,15.8132125,47.1208582
SOCAR Feistritz im Rosental,0,1.698,0,9181,at,Kärnten,Klagenfurt Land,Feistritz im Rosental,Hauptstraße 197,3.11.2022,10:8:46,14.1636058,46.524677
Diskont,0,1.739,0,4263,at,Oberösterreich,Freistadt,Windhaag bei Freistadt,Markt 6,3.11.2022,10:9:18,14.561648,48.588616
Disk,0,1.784,2.014,6020,at,Tirol,Innsbruck,Innsbruck,Pembaurstraße 30,3.11.2022,10:9:41,11.4118612,47.2674437
SOCAR Klagenfurt-Pischeldorferstraße,0,1.673,1.993,9020,at,Kärnten,Klagenfurt Land,Klagenfurt,Pischeldorferstraße 155,3.11.2022,10:8:44,14.3332067,46.6378812
speed-DISKONT-automatic Steyregg/Ort,0,1.704,0,4221,at,Oberösterreich,Urfahr Umgebung,Steyregg,Linzerstraße 5,3.11.2022,10:9:26,14.3684749,48.2840823
Disk,0,1.784,2.014,6020,at,Tirol,Innsbruck,Innsbruck,Amraser Straße 94,3.11.2022,10:9:41,11.4146134,47.2621079
Lagerhaus-Tankstelle,0,1.729,0,5400,at,Salzburg,Hallein,Hallein,Franz-Dückher-Weg 3,3.11.2022,10:9:29,13.0985329,47.6865408
IQ Tankstelle,0,1.664,1.989,4844,at,Oberösterreich,Vöcklabruck,Regau,Salzkammergutstrasse 3,3.11.2022,10:9:27,13.684733,47.991065
SOCAR Grafenstein,0,1.678,1.998,9131,at,Kärnten,Klagenfurt Land,Grafenstein,Schloß Rain 16,3.11.2022,10:8:46,14.413485,46.6291795
LMEnergy,0,1.754,2.033,5441,at,Salzburg,Hallein,Abtenau,Markt 240,3.11.2022,10:9:29,13.3386575,47.56657
AVIA Xpress (Automaten-Tankstelle),0,0,1.963,4980,at,Oberösterreich,Ried,Antiesenhofen,Rieder Straße 4,3.11.2022,10:9:23,13.402063,48.349753
SOCAR Tribuswinkel,0,1.723,2.009,2512,at,Niederösterreich,Baden,Tribuswinkel,Zubringerstraße 40,3.11.2022,10:8:54,16.2710589,47.9926268
SOCAR Lebring,0,0,1.993,8403,at,Steiermark,Leibnitz,Lebring,Leibnitzer Straße 76,3.11.2022,10:9:35,15.5377049,46.8465923
BP,0,1.749,0,4153,at,Oberösterreich,Rohrbach,Peilstein,Hanriederstraße 43,3.11.2022,10:9:24,13.8854566,48.6206163
AVIA,0,1.704,1.996,4481,at,Oberösterreich,Perg,Asten,Wiener Straße 33,3.11.2022,10:9:22,14.424615,48.2182112
BP,0,1.749,0,4154,at,Oberösterreich,Rohrbach,Kollerschlag,Falkensteinstraße 16,3.11.2022,10:9:25,13.838931,48.6023475
Genol Lagerhaus Pregarten-Gallneukirchen,0,0,2.024,4292,at,Oberösterreich,Freistadt,Kefermarkt,Am Bahnhof 1,3.11.2022,10:9:17,14.5380846,48.439863
SOCAR Ried im Innkreis,0,1.739,2.028,4910,at,Oberösterreich,Ried,Ried im Innkreis,Riedauer Straße 35,3.11.2022,10:9:23,13.4939519,48.2174061
SOCAR Unterwart,0,1.734,1.989,7501,at,Burgenland,Oberwart,Unterwart,Steinamangerer Straße 349,3.11.2022,10:8:43,16.2388066,47.2714106
Lagerhaus-Tankstelle 24h,0,1.739,0,5092,at,Salzburg,Zell am See,St. Martin/Lofer,St. Martin 179,3.11.2022,10:9:32,12.70056,47.57544
Lagerhaus-Tankstelle 24 h,0,1.739,2.019,5733,at,Salzburg,Zell am See,Bramberg,Weyerstrasse 366,3.11.2022,10:9:32,12.3283117,47.2642527
avanti - Thalgau Salzburger Straße 49,0,1.712,0,5303,at,Salzburg,Salzburg Umgebung,Thalgau,Salzburger Strasse 49,3.11.2022,10:9:30,13.24865,47.84126
Sprint - Kärntner Straße 30,0,1.692,1.992,8020,at,Steiermark,Graz,Graz,Kärntner Straße 30,3.11.2022,10:9:33,15.421137487628185,47.060542316479136
F. LEITNER,0,1.692,1.992,8020,at,Steiermark,Graz,Graz,Kärntner Straße 4,3.11.2022,10:9:33,15.423171549885915,47.062528766908926
Shell - Standhartinger,0,1.739,0,4293,at,Oberösterreich,Freistadt,Gutau,Ringstr. 1,3.11.2022,10:9:18,14.610379,48.415658
OMV - Wolfsberg Grazer Straße 7,0,1.699,1.999,9400,at,Kärnten,Wolfsberg,Wolfsberg,Grazer Strasse 7,3.11.2022,10:8:50,14.84422,46.84742
SOCAR Bärnbach,0,1.693,0,8572,at,Steiermark,Voitsberg,Bärnbach,Voitsberger Straße 5a,3.11.2022,10:9:39,15.130362,47.070834
SOCAR Lannach,0,1.687,1.987,8502,at,Steiermark,Deutschlandsberg,Lannach,Radlpass Straße 50,3.11.2022,10:9:34,15.3183495,46.9440153
OIL! Tankstelle,0,1.764,2.044,8813,at,Steiermark,Murau,St. Lambrecht,Weissenbach 5,3.11.2022,10:9:38,14.3151,47.0796
Gutmann ENI Tankstelle,0,1.804,0,6212,at,Tirol,Schwaz,Maurach,Achenseestraße 70,3.11.2022,10:9:49,11.7711734,47.3958708
Shell,0,1.744,0,2620,at,Niederösterreich,Neunkirchen,Neunkirchen,Wiener Straße 123,3.11.2022,10:9:5,16.0955848,47.7304251
Disk,0,0,2.027,6060,at,Tirol,Innsbruck Land,Hall,Milser Straße 22,3.11.2022,10:9:43,11.519987,47.2831587
SOCAR Perchtoldsdorf,0,0,1.984,2380,at,Niederösterreich,Mödling,Perchtoldsdorf,Ketzergasse 191a,3.11.2022,10:9:4,16.2919418,48.1301731
Disk TANKAUTOMAT,0,1.794,0,6112,at,Tirol,Innsbruck Land,Wattens,Salzburgerstraße 8,3.11.2022,10:9:43,11.595071,47.291649
Waschpark Volders,0,0,2.019,6111,at,Tirol,Innsbruck Land,Volders,Alpenstrasse 1,3.11.2022,10:9:43,11.574433,47.291801
INNTALER Logistik Park GmbH,0,1.708,1.988,6330,at,Tirol,Kufstein,Kufstein,Endach 34,3.11.2022,10:9:45,12.150235,47.565769
SOCAR Arnfels,0,1.704,0,8454,at,Steiermark,Leibnitz,Arnfels,Leibnitzerstraße 277,3.11.2022,10:9:36,15.4011543,46.6799076
AVIA Xpress (Automaten-Tankstelle),0,1.713,1.987,4775,at,Oberösterreich,Schärding,Taufkirchen an der Pram,Eferdinger Straße 24,3.11.2022,10:9:26,13.5398537,48.4105618
Disk,0,1.787,1.997,6542,at,Tirol,Landeck,Pfunds,Reschenstraße 644,3.11.2022,10:9:46,10.5108575,46.9531126
Lagerhaus - Genol,0,0,1.948,3040,at,Niederösterreich,St. Pölten Land,Neulengbach,Umseerstrasse 1,3.11.2022,10:9:6,15.8987035,48.2011233
Shell Tankstelle,0,1.709,1.999,4320,at,Oberösterreich,Perg,Perg,Naarner Strasse 73,3.11.2022,10:9:23,14.626021,48.239517
Lagerhaus - Genol,0,0,1.948,3040,at,Niederösterreich,St. Pölten Land,Neulengbach,Umseerstrasse 29,3.11.2022,10:9:6,15.89206,48.202649
Loistank,0,1.719,0,3550,at,Niederösterreich,Krems Land,Langenlois,Wienerstraße 42,3.11.2022,10:9:2,15.6856897,48.4707896
Shell Austria,0,1.789,0,6433,at,Tirol,Imst,OETZ,HAUPTSTRASSE 26,3.11.2022,10:9:42,10.88965,47.20514
Treibstoffparadies,0,1.693,0,8580,at,Steiermark,Voitsberg,Köflach,Grazerstraße 24,3.11.2022,10:9:39,15.0922186,47.0617793
Disk TANKAUTOMAT,0,1.734,2.017,2020,at,Niederösterreich,Hollabrunn,Hollabrunn,Anton Ehrenfried Straße 1,3.11.2022,10:8:58,16.073544,48.560798
"PINK - so pink, so clever",0,1.698,1.998,4073,at,Oberösterreich,Linz Land,Wilhering,Linzerstraße 2,3.11.2022,10:9:21,14.1936322,48.3226337
HWK Diesel,0,0,2.016,6372,at,Tirol,Kitzbühel,Oberndorf in Tirol,Franz-Cervinka-Weg 3,3.11.2022,10:9:44,12.3768668,47.4886206
Wälderhaus,0,1.78,0,6870,at,Vorarlberg,Bregenz,Bezau,Pelzrain,3.11.2022,10:9:50,9.894218,47.37926
Shell Austria,0,1.759,0,5020,at,Salzburg,Salzburg Umgebung,SALZBURG,ALPENSTRASSE 2,3.11.2022,10:9:28,13.05987,47.79307
Brüder Resch,0,0,1.999,4161,at,Oberösterreich,Rohrbach,Ulrichsberg,Steinmühle 3,3.11.2022,10:9:24,13.8973395,48.6742195
M3 Markt Allhau,0,1.729,1.984,7411,at,Burgenland,Oberwart,Markt Allhau,Hauptstrasse 5,3.11.2022,10:8:43,16.081502,47.289463
BP,0,0,2.034,5020,at,Salzburg,Salzburg Umgebung,Salzburg,Aiglhofstraße 20,3.11.2022,10:9:28,13.0283246,47.8043229
avanti - Kufstein Schubertstraße 20,0,1.704,1.989,6330,at,Tirol,Kufstein,Kufstein,Schubertstrasse 20,3.11.2022,10:9:45,12.16222,47.58636
AVIA Xpress (Automaten-Tankstelle),0,1.708,0,6336,at,Tirol,Kufstein,Langkampfen,Bürgerstraße 17,3.11.2022,10:9:45,12.101784,47.547741
OMV - Wolfsberg Klagenfurter Straße 16,0,1.699,1.999,9400,at,Kärnten,Wolfsberg,Wolfsberg,Klagenfurter Strasse 16,3.11.2022,10:8:50,14.83911,46.82775
Wölfl,0,0,1.938,5071,at,Salzburg,Salzburg Umgebung,Wals-Siezenheim,Bayernstrasse 24,3.11.2022,10:9:29,12.98,47.817794
Genol  Lagerhaus Pregarten-Gallneukirchen,0,0,2.024,4224,at,Oberösterreich,Freistadt,Wartberg,Hacklberg 7,3.11.2022,10:9:17,14.5184771,48.3551185
Genol  Lagerhaus Pregarten-Gallneukirchen,0,0,2.024,4224,at,Oberösterreich,Freistadt,Wartberg,Betriebsstraße 20,3.11.2022,10:9:17,14.4770062,48.3585818
CP - so günstig wie möglich,0,1.639,1.959,7000,at,Burgenland,Eisenstadt,Eisenstadt,Wiener Straße 36-38,3.11.2022,10:8:39,16.50778,47.8449265
TURMÖL,0,1.714,0,5330,at,Salzburg,Salzburg Umgebung,Fuschl am See,Wolfgangseestr. 21,3.11.2022,10:9:30,13.304742,47.7957313
"PINK - so pink, so clever",0,1.749,0,4144,at,Oberösterreich,Rohrbach,Oberkappel,Falkensteinerstraße 3,3.11.2022,10:9:24,13.7729547,48.5506544
Lagerhaus-Genol,0,1.699,1.997,3340,at,Niederösterreich,Scheibbs,Waidhofen/Ybbs,Ybbsitzerstraße 130,3.11.2022,10:8:53,14.7928574,47.948442
Tankstelle LESKA,0,0,2.034,2181,at,Niederösterreich,Gänserndorf,Dobermannsdorf,Palterndorferstraße 19,3.11.2022,10:8:56,16.824581521922862,48.59621906020439
eni,0,1.739,0,7000,at,Burgenland,Eisenstadt,Eisenstadt,Mattersburger Strasse 20,3.11.2022,10:8:39,16.523812,47.835896
avanti - Orth an der Donau Wiener Straße 76,0,0,2.034,2304,at,Niederösterreich,Gänserndorf,Orth an der Donau,Wiener Strasse 76,3.11.2022,10:8:56,16.68739,48.14992
Thrainer,0,1.699,1.969,6342,at,Tirol,Kufstein,Niederndorf,Audorfer Straße 41,3.11.2022,10:9:45,12.1965438,47.6488703
ENI,0,1.728,2.019,6305,at,Tirol,Kitzbühel,Itter,Mühltal 19,3.11.2022,10:9:44,12.148585,47.4829762
Disk,0,1.708,0,6330,at,Tirol,Kufstein,Kufstein,Kinkstraße 29,3.11.2022,10:9:45,12.1686676,47.5789345
Shell,0,1.715,1.979,3264,at,Niederösterreich,Scheibbs,Gresten,Waidhofner Straße 1,3.11.2022,10:9:7,15.0237161,47.9865545
Gutmann ENI Tankstelle,0,1.789,2.019,6430,at,Tirol,Imst,Ötztal ,Ambergstraße 40,3.11.2022,10:9:42,10.8531181,47.2316892
Shell Tankstelle - Lehner,0,1.708,0,4730,at,Oberösterreich,Grieskirchen,Waizenkirchen,Weidenholz 6,3.11.2022,10:9:20,13.852361,48.333718
GENOL-LH EFERDING-OÖ. MITTE eGen,0,1.699,1.999,4732,at,Oberösterreich,Grieskirchen,ST. THOMAS BEI WAIZENKIRCHEN,ST. THOMAS 34,3.11.2022,10:9:20,13.880056,48.284471
AVIA XPress (unser Service: Luft und Wasser),0,1.764,2.044,3874,at,Niederösterreich,Gmünd,Litschau,Bahnhofstraße 4,3.11.2022,10:8:57,15.0436211,48.9432285
GENOL-LH EFERDING-OÖ. MITTE eGen,0,0,1.999,4084,at,Oberösterreich,Grieskirchen,ST. AGATHA,ETZINGERSTRASSE 27,3.11.2022,10:9:19,13.8763246,48.3906745
F. LEITNER - SPRINT,0,1.692,1.992,8020,at,Steiermark,Graz,Graz,Elisabethinergasse 39,3.11.2022,10:9:33,15.42748404724715,47.06724476911472
Gutmann ENI Tankstelle,0,1.789,0,6441,at,Tirol,Imst,Tumpen,Tumpen 91,3.11.2022,10:9:42,10.9100535,47.1762462
Geist Transporte,0,0,2.049,6934,at,Vorarlberg,Bregenz,Sulzberg,Fahl 125,3.11.2022,10:9:50,9.86411,47.514998
Geist Transporte,0,0,2.049,6934,at,Vorarlberg,Bregenz,Sulzberg,Widum 235,3.11.2022,10:9:50,9.9094319,47.5205385
Durlacher Peter Freie Tankstelle,0,0,1.969,8212,at,Steiermark,Weiz,Pischelsdorf,Pischelsdorf 55,3.11.2022,10:9:39,15.804691,47.172211
ENI AUSTRIA,0,1.712,0,8934,at,Steiermark,Liezen,Altenmarkt bei St.Gallen,Altenmarkt Nr.81,3.11.2022,10:9:37,14.6540434,47.7193299
Kerschhackel Gerhard - Diskonttankstelle,0,1.739,0,8715,at,Steiermark,Knittelfeld,Feistritz,Bundesstrasse 25,3.11.2022,10:9:40,14.901167,47.2593251
eni AUTOMATIC-Tankstelle 0-24h bei Washplex Linz/Industriezeile,0,1.714,2.018,4020,at,Oberösterreich,Linz Land,Linz,Industriezeile 58,3.11.2022,10:9:12,14.315913,48.307117
Shell Abersee,0,1.719,0,5342,at,Salzburg,Salzburg Umgebung,Abersee,Gschwendt 213,3.11.2022,10:9:30,13.3932863,47.7197681
OMV - Viktring Keutschacher Straße 135,0,0,1.999,9073,at,Kärnten,Klagenfurt Land,Viktring,Keutschacher Strasse 135,3.11.2022,10:8:46,14.27158,46.59189
AVIA Xpress (Automaten-Tankstelle),0,1.794,0,6401,at,Tirol,Innsbruck Land,Inzing,Hauptstrasse 46,3.11.2022,10:9:43,11.2028074,47.2706155
Turmöl Quick,0,1.694,1.994,8530,at,Steiermark,Deutschlandsberg,Deutschlandsberg,Frauentaler Straße 76,3.11.2022,10:9:34,15.2274847,46.8187066
SOCAR Graz-Steinbergstraße,0,1.693,1.993,8052,at,Steiermark,Graz,Graz,Steinbergstraße 70,3.11.2022,10:9:35,15.369153,47.05238
KMG Klagenfurt Mobil GmbH,0,1.67,0,9020,at,Kärnten,Klagenfurt Land,Klagenfurt am Wörthersee,Kirchengasse 69,3.11.2022,10:8:43,14.318457399999943,46.6101948
INN-TANK,0,0,1.996,6335,at,Tirol,Kufstein,Thiersee,Breiten 2,3.11.2022,10:9:45,12.132146,47.591636
Turmöl,0,1.754,2.044,1200,at,Wien,Brigittenau,Wien,Engerthstrasse 146,3.11.2022,10:10:0,16.3910922,48.233836
Turmöl Quick,0,1.659,1.979,1120,at,Wien,Meidling,Wien,Eichenstraße 2B,3.11.2022,10:9:56,16.3444115,48.1780142
AP-Trading GmbH,0,0,1.999,5071,at,Salzburg,Salzburg Umgebung,Wals,Bundesstrasse 91,3.11.2022,10:9:29,12.9440879,47.7713395
IQ Tankstelle,0,1.749,0,4142,at,Oberösterreich,Rohrbach,Hofkirchen im Muehlkreis,Falkensteinstrasse 3,3.11.2022,10:9:25,13.804911,48.484137
Shell,0,1.759,2.019,6314,at,Tirol,Kitzbühel,Wildschönau,"Wildschönauerstrasse, Niederau 278",3.11.2022,10:9:44,12.0869526,47.4482837
Turmöl Quick,0,1.723,2.009,2512,at,Niederösterreich,Baden,Tribuswinkel,Zubringerstraße 51,3.11.2022,10:8:54,16.2689481,47.9927141
"Picej - SB tanken, TRAFIK, ADEG - Kaufhaus, Hotel",0,0,1.997,9122,at,Kärnten,Völkermarkt,St. Primus,Turnersee Straße 17,3.11.2022,10:8:49,14.564663,46.576943
BP - Lagerhaus ,0,1.749,0,4134,at,Oberösterreich,Rohrbach,Putzleinsdorf ,Glotzing 20,3.11.2022,10:9:25,13.8794874,48.5044768
Shell Austria,0,1.739,0,7000,at,Burgenland,Eisenstadt,EISENSTADT,NEUSIEDLER STRASSE 82,3.11.2022,10:8:39,16.54064,47.84621
Turmöl,0,0,2.027,5743,at,Salzburg,Zell am See,Krimml,Oberkrimml 126,3.11.2022,10:9:32,12.1739208,47.2177202
Turmöl Quick,0,1.673,1.994,4812,at,Oberösterreich,Gmunden,Pinsdorf,Windbüchelgasse 2,3.11.2022,10:9:19,13.7570008,47.9375214
F. LEITNER,0,1.724,1.994,8181,at,Steiermark,Weiz,St.Ruprecht,Obere Haupstraße 384,3.11.2022,10:9:39,15.661951500031934,47.16207428098524
Turmöl Quick,0,1.673,1.994,4810,at,Oberösterreich,Gmunden,Gmunden,Druckereistraße 5,3.11.2022,10:9:19,13.7884062,47.9253052
Freie Tankstelle,0,0,1.994,8741,at,Steiermark,Judenburg,Weißkirchen,Fisching 45,3.11.2022,10:9:40,14.7363227,47.161529
avanti - Kemeten Steinbrückl 12a,0,1.734,0,7531,at,Burgenland,Oberwart,Kemeten,Steinbrueckl 12a,3.11.2022,10:8:43,16.15609,47.27573
Direct,0,0,1.972,3041,at,Niederösterreich,St. Pölten Land,Markersdorf,Bundesstraße  B19,3.11.2022,10:9:6,15.916752,48.224265
Shell Liezen,0,1.729,2.034,8940,at,Steiermark,Liezen,Liezen,Salzburger Strasse 35,3.11.2022,10:9:37,14.2289522,47.5682389
TURMÖL,0,0,1.949,7373,at,Burgenland,Oberpullendorf,Piringsdorf,Bundesstraße 50,3.11.2022,10:8:42,16.4176861,47.4482398
Lagerhaus-Tankstelle 24 h,0,0,1.959,5082,at,Salzburg,Salzburg Umgebung,Grödig,Pflegerstrasse 26,3.11.2022,10:9:29,13.036523,47.755252
Turmöl Quick,0,0,2.024,9220,at,Kärnten,Klagenfurt Land,Velden,Klagenfurterstraße 19,3.11.2022,10:8:48,14.0501651,46.6179668
Treibstoffparadies,0,0,1.993,8410,at,Steiermark,Leibnitz,Wildon,Grazerstraße 2,3.11.2022,10:9:35,15.5015729,46.8878741
AVIA Xpress (Automaten-Tankstelle),0,1.742,0,4910,at,Oberösterreich,Ried,Ried im Innkreis,Braunauer Straße 3a,3.11.2022,10:9:23,13.482978,48.205796
Turmöl Quick,0,1.691,1.991,8020,at,Steiermark,Graz,Graz,Fabrikgasse 29,3.11.2022,10:9:33,15.4265899,47.0591358
Turmöl Quick,0,1.688,1.989,9062,at,Kärnten,Feldkirchen,Moosburg,Klagenfurterstraße 21,3.11.2022,10:8:46,14.1769673,46.6589993
JET TANKSTELLE,0,0,2.018,2000,at,Niederösterreich,Korneuburg,STOCKERAU,HORNERSTRASSE 99,3.11.2022,10:9:0,16.181997,48.388452
JET TANKSTELLE,0,1.789,2.019,6460,at,Tirol,Imst,IMST,INDUSTRIEZONE 33,3.11.2022,10:9:42,10.7356,47.218065
JET TANKSTELLE,0,1.678,0,9020,at,Kärnten,Klagenfurt Land,KLAGENFURT,GÖRTSCHITZTALSTR. 20,3.11.2022,10:8:44,14.370664,46.634892
JET TANKSTELLE,0,1.713,2.014,9300,at,Kärnten,St. Veit,ST VEIT AN DER GLAN,VILLACHER STRASSE 43,3.11.2022,10:8:47,14.347093,46.759826
JET TANKSTELLE,0,1.759,2.049,6845,at,Vorarlberg,Dornbirn,HOHENEMS,KAISER FRANZ JOSEF STRASSE 40,3.11.2022,10:9:51,9.68315,47.35725
JET TANKSTELLE,0,1.719,2.018,4400,at,Oberösterreich,Steyr Land,STEYR,DUKARTSTRASSE 19 B,3.11.2022,10:9:13,14.421146,48.037385
JET TANKSTELLE,0,1.697,1.999,9065,at,Kärnten,Klagenfurt Land,EBENTHAL,MIEGERERSTRASSE 10,3.11.2022,10:8:46,14.35419,46.608121
JET TANKSTELLE,0,1.739,0,4240,at,Oberösterreich,Freistadt,FREISTADT,MARCUSSTRASSE 1,3.11.2022,10:9:18,14.503323,48.498992
JET TANKSTELLE,0,1.724,2.029,8940,at,Steiermark,Liezen,LIEZEN,GESÄUSESTRASSE 33,3.11.2022,10:9:37,14.258505,47.560379
JET TANKSTELLE,0,1.737,2.027,2604,at,Niederösterreich,Wiener Neustadt Land,THERESIENFELD,GRAZER STRASSE 83,3.11.2022,10:9:10,16.246504,47.846257
avanti - Wien Nordbahnstraße 1,0,1.729,2.029,1020,at,Wien,Leopoldstadt,Wien,Nordbahnstrasse 1,3.11.2022,10:9:53,16.38852,48.22912
JET TANKSTELLE,0,1.759,2.049,6850,at,Vorarlberg,Dornbirn,DORNBIRN,WALLENMAHD 22,3.11.2022,10:9:51,9.731134,47.39649
JET TANKSTELLE,0,1.691,1.983,3100,at,Niederösterreich,St. Pölten,ST PÖLTEN,MARIAZELLERSTRASSE 91,3.11.2022,10:8:52,15.617957,48.189512
JET TANKSTELLE,0,1.759,2.049,6850,at,Vorarlberg,Dornbirn,DORNBIRN,SCHWEFEL 44 A,3.11.2022,10:9:51,9.741176,47.426673
MAXI TANK TANKSTELLE,0,1.714,2.017,4030,at,Oberösterreich,Linz,LINZ,BÄCKERMÜHLWEG 61,3.11.2022,10:9:12,14.276754,48.244267
avanti - Wien Gaussplatz 1,0,1.729,2.029,1020,at,Wien,Leopoldstadt,Wien,Gaussplatz 1,3.11.2022,10:9:53,16.3708,48.22588
JET TANKSTELLE,0,1.679,0,3002,at,Niederösterreich,Wien Umgebung,PURKERSDORF,LINZERSTRASSE 25,3.11.2022,10:9:7,16.172969,48.211521
MAXI TANK TANKSTELLE,0,1.734,0,5081,at,Salzburg,Salzburg Umgebung,ANIF,WALDBADSTRASSE 1,3.11.2022,10:9:30,13.068287,47.73775
JET TANKSTELLE,0,1.699,1.999,9433,at,Kärnten,Wolfsberg,ST ANDRÄ,BURGSTALL 151,3.11.2022,10:8:50,14.822187,46.751579
JET TANKSTELLE,0,1.698,1.998,9400,at,Kärnten,Wolfsberg,WOLFSBERG,KLAGENFURTER STRASSE 19 B,3.11.2022,10:8:50,14.839675,46.82661
MAXI TANK TANKSTELLE,0,1.744,0,5671,at,Salzburg,Zell am See,BRUCK AN DER GLOCKNERSTRASSE,KAPRUNERSTRASSE 52,3.11.2022,10:9:32,12.809409,47.288424
avanti - Wien Prager Straße 270-272,0,1.718,2.017,1210,at,Wien,Floridsdorf,Wien,Prager Strasse 270-272,3.11.2022,10:10:1,16.38404,48.28664
JET TANKSTELLE,0,1.775,2.065,6706,at,Vorarlberg,Bludenz,BUERS,HERRENAU 1,3.11.2022,10:9:50,9.814175,47.152278
JET TANKSTELLE,0,0,2.038,2630,at,Niederösterreich,Neunkirchen,TERNITZ,WERKSTRASSE 14,3.11.2022,10:9:5,16.040511,47.711667
JET TANKSTELLE,0,1.789,1.998,6500,at,Tirol,Landeck,LANDECK,BAHNHOFSTR. 26,3.11.2022,10:9:46,10.581303,47.150185
JET TANKSTELLE,0,1.699,1.999,1140,at,Wien,Penzing,WIEN,LINZER STRASSE 453,3.11.2022,10:9:57,16.244262,48.203103
avanti - Wien Heiligenstädter Straße 196,0,1.799,2.099,1190,at,Wien,Döbling,Wien,Heiligenstaedter Strasse 196,3.11.2022,10:9:59,16.34549,48.28511
JET TANKSTELLE,0,1.728,0,4560,at,Oberösterreich,Kirchdorf,KIRCHDORF AN DER KREMS,AM BRAUTEICH 6,3.11.2022,10:9:21,14.126899,47.896963
JET TANKSTELLE,0,1.768,0,5020,at,Salzburg,Salzburg Umgebung,SALZBURG,INNSBRUCKER BUNDESSTRASSE 65,3.11.2022,10:9:28,13.01488,47.801351
JET TANKSTELLE,0,1.719,0,3390,at,Niederösterreich,Melk,MELK,SCHLITPACHERSTRASSE 2,3.11.2022,10:9:3,15.349681,48.217896
SCHNELL UND GUENSTIG TANKSTELLE,0,1.719,2.019,2130,at,Niederösterreich,Mistelbach,MISTELBACH,INDUSTRIEPARKSTRASSE 1,3.11.2022,10:9:4,16.576985,48.560945
MAXI TANK TANKSTELLE,0,1.711,2.022,4600,at,Oberösterreich,Wels,WELS,GUNSKIRCHNERSTRASSE 7,3.11.2022,10:9:14,13.974008,48.147172
avanti - Landeck Innstrasse 38,0,1.784,1.994,6500,at,Tirol,Landeck,Landeck,Innstrasse 38,3.11.2022,10:9:46,10.56352,47.14163
avanti - Wien Edelsinnstraße 16,0,1.719,1.999,1120,at,Wien,Meidling,Wien,Edelsinnstrasse 16,3.11.2022,10:9:56,16.31949,48.1724
JET TANKSTELLE,0,1.789,1.999,6551,at,Tirol,Landeck,PIANS,PIANS 58 D,3.11.2022,10:9:46,10.506121,47.131173
avanti - Schrems Josef Widy-Straße 2,0,1.764,2.044,3943,at,Niederösterreich,Gmünd,Schrems,Josef Widy-Strasse 2,3.11.2022,10:8:58,15.06908,48.79281
SCHNELL UND GUENSTIG TANKSTELLE,0,1.732,2.022,2700,at,Niederösterreich,Wiener Neustadt Land,WIENER NEUSTADT,MARKTGASSE 2,3.11.2022,10:8:54,16.236956,47.804291
JET TANKSTELLE,0,1.713,2.013,1100,at,Wien,Favoriten,WIEN,RAXSTRASSE 5,3.11.2022,10:9:55,16.365198,48.165249
JET TANKSTELLE,0,1.754,2.033,5400,at,Salzburg,Hallein,HALLEIN,EUROPASTRASSE 8,3.11.2022,10:9:29,13.103615,47.684607
JET TANKSTELLE,0,1.724,2.024,2130,at,Niederösterreich,Mistelbach,MISTELBACH,ERNSTBRUNNER STRASSE 5,3.11.2022,10:9:4,16.561675,48.560874
OMV - Wien Adalbert Stifter-Straße 67,0,1.759,2.059,1200,at,Wien,Brigittenau,Wien,Adalbert Stifter-Strasse 67,3.11.2022,10:10:0,16.37535,48.24309
JET TANKSTELLE,0,1.733,2.015,2020,at,Niederösterreich,Hollabrunn,HOLLABRUNN,FACHLEUTNERSTRASSE 1,3.11.2022,10:8:58,16.073274,48.579845
JET TANKSTELLE,0,1.729,2.029,1220,at,Wien,Donaustadt,WIEN,RAUTENWEG 9,3.11.2022,10:10:1,16.459702,48.263651
JET TANKSTELLE,0,1.789,0,6020,at,Tirol,Innsbruck,INNSBRUCK,GRIESAUWEG 20,3.11.2022,10:9:42,11.437558,47.264516
avanti - Wien Eichenstraße 3a,0,1.659,1.979,1120,at,Wien,Meidling,Wien,Eichenstrasse 3a,3.11.2022,10:9:56,16.34598,48.17824
JET TANKSTELLE,0,1.759,2.049,6840,at,Vorarlberg,Feldkirch,GÖTZIS,LUSTENAUERSTRASSE 2,3.11.2022,10:9:52,9.656679,47.344695
JET TANKSTELLE,0,1.713,2.013,1100,at,Wien,Favoriten,WIEN,NEILREICHGASSE 39,3.11.2022,10:9:55,16.365643,48.174287
JET TANKSTELLE,0,1.699,1.991,4470,at,Oberösterreich,Linz Land,ENNS,AM RÖMERFELD 1,3.11.2022,10:9:22,14.463353,48.216082
avanti - Wien Guldengasse 13,0,1.697,1.997,1140,at,Wien,Penzing,Wien,Guldengasse 13,3.11.2022,10:9:57,16.28135,48.1953
JET TANKSTELLE,0,1.686,1.983,1230,at,Wien,Liesing,WIEN,KETZERGASSE 208,3.11.2022,10:10:2,16.289516,48.130709
JET TANKSTELLE,0,1.688,1.988,1230,at,Wien,Liesing,WIEN,TRIESTERSTRASSE 292,3.11.2022,10:10:2,16.321654,48.131138
JET TANKSTELLE,0,1.704,1.988,4100,at,Oberösterreich,Urfahr Umgebung,OTTENSHEIM,BAHNHOFSTRASSE 46,3.11.2022,10:9:27,14.176568,48.337386
JET TANKSTELLE,0,1.734,2.034,1220,at,Wien,Donaustadt,WIEN,HIRSCHSTETTNERSTRASSE 52,3.11.2022,10:10:1,16.460684,48.238087
avanti - Traisen Mariazeller Straße 38a,0,1.691,1.991,3160,at,Niederösterreich,Lilienfeld,Traisen,Mariazeller Strasse 38a,3.11.2022,10:9:2,15.60983,48.04857
JET TANKSTELLE,0,1.728,2.019,3910,at,Niederösterreich,Zwettl,ZWETTL,KREMSER STRASSE 62,3.11.2022,10:9:11,15.179447,48.605135
JET TANKSTELLE,0,0,2.034,5020,at,Salzburg,Salzburg Umgebung,SALZBURG,MÜNCHNER BUNDESSTR. 15,3.11.2022,10:9:28,13.018664,47.817898
JET TANKSTELLE,0,1.739,2.033,5020,at,Salzburg,Salzburg Umgebung,SALZBURG,ALPENSTRASSE 165,3.11.2022,10:9:28,13.071171,47.765882
avanti - Horn Riedenburgstraße 2,0,1.743,2.025,3580,at,Niederösterreich,Horn,Horn,Riedenburgstrasse 2,3.11.2022,10:8:59,15.65477,48.66188
avanti - Sieghartskirchen Wiener Straße 26,0,0,1.938,3443,at,Niederösterreich,Wien Umgebung,Sieghartskirchen,Wiener Strasse 26,3.11.2022,10:9:8,16.01891,48.25451
avanti - Wiener Neustadt Puchberger Straße 44,0,1.732,2.022,2700,at,Niederösterreich,Wiener Neustadt Land,Wiener Neustadt,Puchberger Strasse 44,3.11.2022,10:8:54,16.20603,47.8065
avanti - Wien Neuhaufenstraße 148,0,1.734,2.034,1220,at,Wien,Donaustadt,Wien,Neuhaufenstrasse 148,3.11.2022,10:10:2,16.44649,48.21808
avanti - Eggendorf Pottendorferstraße 280,0,1.732,2.022,2492,at,Niederösterreich,Wiener Neustadt Land,Eggendorf,Pottendorferstrasse 280,3.11.2022,10:9:10,16.28269,47.84106
avanti - Gablitz Linzer Straße 1a,0,1.669,1.979,3003,at,Niederösterreich,Wien Umgebung,Gablitz,Linzer Strasse 1a,3.11.2022,10:9:6,16.16551,48.21888
avanti - Achenkirch 588,0,1.799,0,6215,at,Tirol,Schwaz,Achenkirch, 588,3.11.2022,10:9:49,11.68864,47.55139
JET TANKSTELLE,0,1.748,2.03,3580,at,Niederösterreich,Horn,HORN,AM KUHBERG 1,3.11.2022,10:8:59,15.634725,48.666222
SCHNELL UND GUENSTIG TANKSTELLE,0,1.779,1.999,6063,at,Tirol,Innsbruck Land,RUM,BUNDESSTRASSE 34,3.11.2022,10:9:43,11.444639,47.277562
JET TANKSTELLE,0,1.729,1.998,7000,at,Burgenland,Eisenstadt,EISENSTADT,MATTERSBURGERSTR. 48,3.11.2022,10:8:39,16.521694,47.829222
avanti - Wien Esslinger Hauptstraße 32,0,1.734,2.034,1220,at,Wien,Donaustadt,Wien,Esslinger Hauptstrasse 32,3.11.2022,10:10:2,16.51461,48.2145
OMV - Wolfurt Dornbirner Straße 22,0,1.769,0,6922,at,Vorarlberg,Bregenz,Wolfurt,Dornbirner Strasse 22,3.11.2022,10:9:50,9.75495,47.4541
JET TANKSTELLE,0,1.749,2.034,9800,at,Kärnten,Spittal,SPITTAL,VILLACHER STRASSE 54,3.11.2022,10:8:48,13.510506,46.791491
avanti - Wien Simmeringer Hauptstraße 489,0,1.693,1.993,1110,at,Wien,Simmering,Wien,Simmeringer Hauptstrasse 489,3.11.2022,10:9:55,16.46228,48.14844
JET TANKSTELLE,0,1.729,0,8160,at,Steiermark,Weiz,PREDING BEI WEIZ,BUNDESSTRASSE 7,3.11.2022,10:9:40,15.639891,47.204711
avanti - Purkersdorf Tullnerbachstraße 77-79,0,1.669,1.979,3002,at,Niederösterreich,Wien Umgebung,Purkersdorf,Tullnerbachstrasse 77-79,3.11.2022,10:9:6,16.14117,48.19421
avanti - Deutsch-Wagram Gänserndorfer Straße 40,0,1.734,0,2232,at,Niederösterreich,Gänserndorf,Deutsch-Wagram,Gaenserndorfer Strasse 40,3.11.2022,10:8:56,16.56957,48.30043
avanti - Sankt Pölten Wiener Straße 92,0,1.686,1.978,3100,at,Niederösterreich,St. Pölten,Sankt Poelten,Wiener Strasse 92,3.11.2022,10:8:52,15.64125,48.20673
avanti - Langenlois Wiener Straße 53,0,1.699,2.003,3550,at,Niederösterreich,Krems Land,Langenlois,Wiener Strasse 53,3.11.2022,10:9:1,15.69817,48.47614
avanti - Korneuburg Wiener Straße 44,0,1.727,0,2100,at,Niederösterreich,Korneuburg,Korneuburg,Wiener Strasse 44,3.11.2022,10:9:0,16.33873,48.33832
JET TANKSTELLE,0,1.708,2.008,5600,at,Salzburg,St. Johann,ST JOHANN IM PONGAU,BUNDESSTRASSE 18,3.11.2022,10:9:31,13.194386,47.350359
avanti - Weißenbach am Lech 46,0,1.804,2.034,6671,at,Tirol,Reutte,Weissenbach am Lech, 46,3.11.2022,10:9:48,10.64229,47.44138
OMV - Wien Gunoldstraße 7 / Muthgasse 1,0,1.794,2.094,1190,at,Wien,Döbling,Wien,Gunoldstrasse 7 / Muthgasse 1 ,3.11.2022,10:9:59,16.36578,48.24531
JET TANKSTELLE,0,1.708,2.008,5600,at,Salzburg,St. Johann,ST JOHANN IM PONGAU,BUNDESSTRASSE 13,3.11.2022,10:9:31,13.191715,47.343479
JET TANKSTELLE,0,1.693,0,8582,at,Steiermark,Voitsberg,ROSENTAL,BAHNHOFSTRASSE 2,3.11.2022,10:9:39,15.125588,47.053103
avanti - Vösendorf Schönbrunner Allee 20,0,1.683,1.983,2331,at,Niederösterreich,Mödling,Voesendorf,Schoenbrunner Allee 20,3.11.2022,10:9:5,16.32632,48.13078
OMV - Wien Gablenzgasse 109,0,1.729,2.019,1150,at,Wien,Rudolfsheim,Wien,Gablenzgasse 109,3.11.2022,10:9:58,16.31374,48.20685
JET TANKSTELLE,0,1.596,0,3430,at,Niederösterreich,Tulln,TULLN,Brückenstraße 10,3.11.2022,10:9:8,16.058304,48.328077
JET TANKSTELLE,0,0,1.992,4780,at,Oberösterreich,Schärding,SCHÄRDING,LINZERSTRASSE 58,3.11.2022,10:9:25,13.436477,48.450421
JET TANKSTELLE,0,1.708,0,6330,at,Tirol,Kufstein,KUFSTEIN,SALURNERSTRASSE 40,3.11.2022,10:9:45,12.157785,47.574902
JET TANKSTELLE,0,1.708,0,6330,at,Tirol,Kufstein,KUFSTEIN,SALURNERSTRASSE 61,3.11.2022,10:9:45,12.157852,47.574301
JET TANKSTELLE,0,1.789,0,6176,at,Tirol,Innsbruck Land,VÖLS,Cytastraße 6,3.11.2022,10:9:43,11.324463,47.257413
JET TANKSTELLE,0,1.799,0,6212,at,Tirol,Schwaz,MAURACH,ACHENSEESTR. 3,3.11.2022,10:9:49,11.751809,47.423516
JET TANKSTELLE,0,1.798,2.044,6130,at,Tirol,Schwaz,SCHWAZ,MÜNCHER STRASSE 54,3.11.2022,10:9:49,11.708531,47.353777
JET TANKSTELLE,0,1.809,2.039,6600,at,Tirol,Reutte,REUTTE,INNSBRUCKER STRASSE 6,3.11.2022,10:9:48,10.723688,47.482517
JET TANKSTELLE,0,1.739,0,2232,at,Niederösterreich,Gänserndorf,DEUTSCH WAGRAM,EDUARD SCHARSCHON STRASSE 1,3.11.2022,10:8:56,16.577537,48.302872
JET TANKSTELLE,0,1.729,0,2100,at,Niederösterreich,Korneuburg,KORNEUBURG,STOCKERAUERSTRASSE 108,3.11.2022,10:9:0,16.31497,48.358127
JET TANKSTELLE,0,1.596,0,3442,at,Niederösterreich,Tulln,LANGENROHR,ÜBERLÄNDSTRASSE 2,3.11.2022,10:9:8,16.02148,48.318436
Turmöl Quick,0,1.749,2.028,5400,at,Salzburg,Hallein,Hallein,Salzachtalstraße 16,3.11.2022,10:9:29,13.1004595,47.6822599
Treibstoffparadies,0,0,2.034,2232,at,Niederösterreich,Gänserndorf,Aderklaa,Wienerstrasse 12,3.11.2022,10:8:56,16.529877,48.284271
JET TANKSTELLE,0,1.739,0,2301,at,Niederösterreich,Gänserndorf,GROSS ENZERSDORF,WIENERSTRASSE 26,3.11.2022,10:8:56,16.544337,48.207425
Turmöl Quick,0,1.712,2.023,4600,at,Oberösterreich,Wels,Wels,Grieskirchnerstraße 118,3.11.2022,10:9:14,14.0187608,48.1807644
ENI,0,1.729,0,5144,at,Oberösterreich,Braunau,Handenberg,Sandtal 28,3.11.2022,10:9:15,13.014979,48.141335
AVIA XPress (unser Service: Luft und Wasser),0,1.684,1.987,3340,at,Niederösterreich,Scheibbs,Waidhofen/Ybbs,Ybbsitzer Straße 79,3.11.2022,10:8:53,14.8073965,47.9430098
BP,0,1.749,0,4113,at,Oberösterreich,Rohrbach,St. Martin Im Muehlkreis,Adsdorf 13 ,3.11.2022,10:9:25,14.0432299,48.4338571
Genol Lagerhaus Innviertel-Traunviertel-Urfahr eGen.,0,0,2.029,5142,at,Oberösterreich,Braunau,Gundertshausen,Gundertshausen 79,3.11.2022,10:9:15,12.9917241,48.089198
Turmöl Quick,0,1.704,0,4092,at,Oberösterreich,Schärding,Esternberg,Hauptstraße 86,3.11.2022,10:9:26,13.5834969,48.542477
Landforst Scheifling,0,1.759,2.039,8811,at,Steiermark,Murau,Scheifling,Murauerstrasse 7,3.11.2022,10:9:38,14.409831,47.153053
Genol,0,1.749,0,3293,at,Niederösterreich,Scheibbs,Lunz,Gewerbestraße 1,3.11.2022,10:9:7,15.038582,47.864063
Turmöl Quick,0,1.734,0,7400,at,Burgenland,Oberwart,Oberwart,Wienerstraße 52,3.11.2022,10:8:43,16.20678,47.292944
Turmöl Quick,0,1.693,1.994,9100,at,Kärnten,Völkermarkt,Völkermarkt,Umfahrungs Straße 23,3.11.2022,10:8:50,14.6289117,46.6632319
eni Hochhauser,0,1.769,2.049,3340,at,Niederösterreich,Scheibbs,Waidhofen an der Ybbs,Wienerstraße 45a,3.11.2022,10:8:53,14.7634458,47.9703474
BP Tankstelle Brandner KG,0,1.799,0,9631,at,Kärnten,Hermagor,Jenig,Tröpolach 177,3.11.2022,10:8:45,13.2542347,46.6273845
SHELL,0,1.744,0,9545,at,Kärnten,Spittal,RADENTHEIN,MILLSTÄTTERSTRASSE 40,3.11.2022,10:8:48,13.6876552,46.7993832
avanti - Dornbirn Lustenauer Straße 24,0,1.754,2.044,6850,at,Vorarlberg,Dornbirn,Dornbirn,Lustenauer Strasse 24,3.11.2022,10:9:51,9.73476,47.40698
ESW Dieselkraftstoff,0,0,2.016,6973,at,Vorarlberg,Bregenz,Höchst,Hauptstraße 38,3.11.2022,10:9:50,9.644945,47.459666
Genol-Lagerhaustankstelle - Oberpullendorf,0,1.64,1.94,7350,at,Burgenland,Oberpullendorf,OBERPULLENDORF,Eisenstädter Strasse 24,3.11.2022,10:8:42,16.5123905,47.4991041
GENOL-Lagerhaustankstelle - Horitschon,0,1.64,1.94,7312,at,Burgenland,Oberpullendorf,HORITSCHON,Hauptstrasse 99,3.11.2022,10:8:42,16.539313,47.591404
GENOL-Lagerhaustankstelle - Stöttera,0,1.64,1.94,7023,at,Burgenland,Mattersburg,STÖTTERA,Hauptstrasse 76,3.11.2022,10:8:40,16.463945,47.769764
GENOL-Lagerhaustankstelle - Baumgarten,0,1.64,1.94,7021,at,Burgenland,Mattersburg,BAUMGARTEN,Wr. Neustädterstrasse 16,3.11.2022,10:8:40,16.4972385,47.7397191
GENOL-Lagerhaustankstelle - Drassmarkt,0,1.65,1.95,7372,at,Burgenland,Oberpullendorf,DRASSMARKT,Herrschaftsgarten,3.11.2022,10:8:42,16.619671,47.508672
GENOL-Lagerhaustankstelle - Wiesen,0,1.64,1.94,7203,at,Burgenland,Mattersburg,WIESEN,Sauerbrunnerstrasse 17,3.11.2022,10:8:40,16.337871,47.7407549
avanti - Knittelfeld Kärntner Straße 75,0,1.753,0,8720,at,Steiermark,Knittelfeld,Knittelfeld,Kaerntner Strasse 75,3.11.2022,10:9:40,14.80875,47.21001
"PINK - so pink, so clever",0,1.714,2.018,4020,at,Oberösterreich,Linz Land,Linz,Pummererstraße 22,3.11.2022,10:9:12,14.3245113,48.3070145
eni,0,1.699,0,3493,at,Niederösterreich,Krems Land,Hadersdorf a. Kamp,Wienerstrasse 27,3.11.2022,10:9:1,15.725307,48.459348
JET TANKSTELLE,0,1.698,1.998,4072,at,Oberösterreich,Eferding,ALKOVEN,GEWERBESTRASSE 19,3.11.2022,10:9:17,14.130639,48.28957
Shell Tankstelle,0,1.708,0,4723,at,Oberösterreich,Grieskirchen,Natternbach,Hauserstrasse 10,3.11.2022,10:9:20,13.749498,48.394626
GENOL-LH EFERDING-OÖ. MITTE eGen,0,1.699,1.999,4730,at,Oberösterreich,Grieskirchen,WAIZENKIRCHEN,KINZLSTRASSE 22,3.11.2022,10:9:20,13.855294,48.331604
OMV - Waidhofen an der Ybbs Wiener Straße 2a,0,1.769,2.049,3340,at,Niederösterreich,Scheibbs,Waidhofen an der Ybbs,Wiener Strasse 2a,3.11.2022,10:8:53,14.76931,47.96667
Turmöl Quick,0,1.764,2.044,3950,at,Niederösterreich,Gmünd,Gmünd,Eichberg 121,3.11.2022,10:8:58,14.917971,48.73747
eni,0,1.699,1.999,3620,at,Niederösterreich,Krems Land,Spitz,Wachauer Bundesstrasse,3.11.2022,10:9:1,15.416793,48.362533
Shell Austria,0,1.759,0,2013,at,Niederösterreich,Hollabrunn,GOELLERSDORF,TULLNERSTRASSE 486,3.11.2022,10:8:59,16.109405,48.492429
BP,0,1.719,0,1120,at,Wien,Meidling,Wien,Breitenfurterstr. 112,3.11.2022,10:9:56,16.309543,48.160527
Lagerhaus Genol,0,0,1.998,4724,at,Oberösterreich,Grieskirchen,Neukirchen/Walde,Hasledt 38,3.11.2022,10:9:19,13.7808293,48.4063695
LMEnergy Express,0,1.744,0,5724,at,Salzburg,Zell am See,Stuhlfelden,Mittersillerstraße 198,3.11.2022,10:9:32,12.526809,47.286688
Turmöl Quick,0,0,2.021,8792,at,Steiermark,Leoben,St. Peter-Freienstein,Gewerbepark 2a,3.11.2022,10:9:36,15.037011,47.395417
M3 St.Kathrein,0,1.729,0,8171,at,Steiermark,Weiz,St. Kathrein,Offenegg 13,3.11.2022,10:9:40,15.562736,47.309666
 AVIA Xpress (Automaten-Tankstelle),0,1.688,1.986,9560,at,Kärnten,Feldkirchen,Feldkirchen in Kärnten,10.-Oktober-Straße 29,3.11.2022,10:8:51,14.098879,46.722217
Turmöl Quick,0,0,1.989,3224,at,Niederösterreich,Lilienfeld,Mitterbach,Hauptstraße 25,3.11.2022,10:9:2,15.295843,47.816267
Welog - Landespartner des Burgenlands,0,1.729,1.999,7535,at,Burgenland,Güssing,St. Michael im Burgenland,Obere Hauptstraße 230,3.11.2022,10:8:39,16.272085,47.136327
DISKONT TANKSTELLE WIEN 22,0,1.727,2.017,1220,at,Wien,Donaustadt,Wien,Erzherzog-Karl-Straße 12,3.11.2022,10:10:1,16.432431,48.238192
Turmöl Quick,0,1.723,2.009,2512,at,Niederösterreich,Baden,Oeynhausen,Triester Straße 108,3.11.2022,10:8:54,16.288224,47.982031
Turmöl Quick,0,1.682,1.979,1230,at,Wien,Liesing,Wien,Breitenfurterstraße 473,3.11.2022,10:10:2,16.257546,48.137832
Tankstelle Wiesmahr,0,1.742,2.032,2284,at,Niederösterreich,Gänserndorf,Untersiebenbrunn,Schönfelderstraße 31,3.11.2022,10:8:56,16.752631699999938,48.2540687
OIL! Tankstelle,0,0,2.018,2000,at,Niederösterreich,Korneuburg,Stockerau,Wiener Strasse 28-30,3.11.2022,10:9:0,16.2325,48.3859
JET TANKSTELLE,0,1.698,1.999,9100,at,Kärnten,Völkermarkt,VÖLKERMARKT,UMFAHRUNGSSTRASSE 7,3.11.2022,10:8:50,14.621814,46.663089
Turmöl Quick,0,1.714,2.013,3390,at,Niederösterreich,Melk,Melk,Wienerstraße 70,3.11.2022,10:9:3,15.343652,48.227025
 Grosch,0,1.596,0,3433,at,Niederösterreich,Tulln,Königstetten,Wiener Straße 67,3.11.2022,10:9:8,16.153094799999963,48.3040595
avanti - Wien Jedletzbergerstraße 7,0,1.694,1.994,1110,at,Wien,Simmering,Wien,Jedletzbergerstrasse 7,3.11.2022,10:9:55,16.45797,48.17054
Turmöl Quick,0,1.659,1.979,1100,at,Wien,Favoriten,Wien,Hardtmuthgasse 51,3.11.2022,10:9:54,16.370448,48.170174
JET TANKSTELLE,0,1.722,2.021,1210,at,Wien,Floridsdorf,WIEN,PRAGERSTRASSE 138,3.11.2022,10:10:1,16.388013,48.278186
F. LEITNER - Brückl,0,1.704,2.004,9371,at,Kärnten,St. Veit,Brückl,Klagenfurter Straße 5 ,3.11.2022,10:8:47,14.531420251115152,46.74684384521478
Turmöl,0,1.667,1.979,1150,at,Wien,Rudolfsheim,Wien,Hollergasse 7,3.11.2022,10:9:58,16.324959,48.185346
BayWa Tankstelle,0,1.753,2.048,6923,at,Vorarlberg,Bregenz,Lauterach,Scheibenstraße 2,3.11.2022,10:9:50,9.72747,47.46296
IQ Tankautomat Steyr,0,1.709,2.004,4400,at,Oberösterreich,Steyr Land,Steyr,Haager Straße 44b,3.11.2022,10:9:13,14.449924,48.056054
Turmöl Quick,0,1.702,2.034,8931,at,Steiermark,Liezen,Großreifling,Großreifling 85,3.11.2022,10:9:37,14.716091,47.665699
Lagerhaus Tankstelle Matrei,0,1.738,2.018,9971,at,Tirol,Lienz,Matrei in Osttirol,Seblas 17,3.11.2022,10:9:47,12.549961697284306,46.981732797028485
SHELL,0,1.729,1.999,7535,at,Burgenland,Güssing,St. Michael,Güssinger Str. 384,3.11.2022,10:8:39,16.274524,47.119516
"AVIA XPress (SB-Carwash, SB-Sauger, Wasser gratis) ",0,0,1.984,2384,at,Niederösterreich,Mödling,Breitenfurt,Hauptstraße 74,3.11.2022,10:9:4,16.194080999999983,48.1356658
Turmöl Tankstelle,0,1.749,1.999,7537,at,Burgenland,Güssing,Neuberg,Obere Hauptstraße 174,3.11.2022,10:8:40,16.248481,47.184775
Plöckinger KG,0,0,1.999,4083,at,Oberösterreich,Eferding,Haibach ob der Donau,"Staufstraße, 3",3.11.2022,10:9:16,13.91798805936413,48.40810469142028
Turmöl Quick,0,1.764,2.044,3970,at,Niederösterreich,Gmünd,Weitra,Gmündner Straße 198,3.11.2022,10:8:58,14.898026,48.703029
Genol,0,0,2.019,2000,at,Niederösterreich,Korneuburg,Stockerau,Wienerstrasse 73,3.11.2022,10:9:0,16.239068555388215,48.38724846216198
INN-TANK,0,0,1.996,6336,at,Tirol,Kufstein,Langkampfen,Kirchbichlerstr. 21,3.11.2022,10:9:45,12.093432,47.535122
Turmöl Quick,0,1.734,0,7512,at,Burgenland,Oberwart,Kohfidisch,Obere Hauptstraße 25,3.11.2022,10:8:43,16.353044,47.177476
AVIA XPress ,0,1.698,1.998,3621,at,Niederösterreich,Krems Land,Mitterarnsdorf,69,3.11.2022,10:9:1,15.431873,48.364278
GG Tankstelle Langenrohr,0,1.595,1.945,3442,at,Niederösterreich,Tulln,Langenrohr,Tullner Straße 6 ,3.11.2022,10:9:8,16.014680121853992,48.31138203436592
Turmöl Quick,0,1.669,1.979,3002,at,Niederösterreich,Wien Umgebung,Purkersdorf,Wiener Straße 30,3.11.2022,10:9:7,16.1824,48.20595
Genol Lagerhaus Innviertel-Traunviertel-Urfahr eGen.,0,1.739,0,5211,at,Oberösterreich,Braunau,Friedburg,Salzburgerstr. 5,3.11.2022,10:9:15,13.24637,48.01718
Rumpold,0,1.732,2.034,8940,at,Steiermark,Liezen,Weissenbach,Hauptstraße 213,3.11.2022,10:9:37,14.210508,47.569864
Direct,0,1.724,1.972,7000,at,Burgenland,Eisenstadt,Eisenstadt,Mattersburger Straße 5,3.11.2022,10:8:39,16.52446,47.8359
Turmöl Quick,0,1.737,2.017,9500,at,Kärnten,Villach,Villach,St. Martiner Straße 124,3.11.2022,10:8:45,13.82178,46.62518
Strohmeier Tankstelle,0,1.719,2.009,1050,at,Wien,Margareten,Wien,Am Hundsturm 2-4,3.11.2022,10:9:54,16.347106271499914,48.187704117099116
Turmöl Quick,0,1.682,1.979,1120,at,Wien,Meidling,Wien,Altmannsdorfer Straße 96,3.11.2022,10:9:56,16.31747,48.1618
Turmöl Quick,0,1.692,1.992,9400,at,Kärnten,Wolfsberg,Wolfsberg,Grazer Straße 1,3.11.2022,10:8:50,14.84356,46.84595
Turmöl Quick,0,1.698,1.998,4722,at,Oberösterreich,Grieskirchen,Peuerbach,Bahnhofstraße 27,3.11.2022,10:9:20,13.77165,48.33844
Turmöl Quick,0,1.738,2.018,9990,at,Tirol,Lienz,Lienz,Drautal Bundesstraße 4,3.11.2022,10:9:47,12.80849,46.82868
Turmöl Quick,0,1.739,2.019,5741,at,Salzburg,Zell am See,Neukirchen am Großvenediger,Gerloser Bundesstraße 262,3.11.2022,10:9:32,12.27856,47.25181
Turmöl Quick,0,1.684,1.988,4150,at,Oberösterreich,Rohrbach,Rohrbach,Bahnhofstraße 26,3.11.2022,10:9:24,13.99039,48.57763
Turmöl Quick,0,1.694,1.994,2421,at,Burgenland,Neusiedl am See,Kittsee,Eisenstädter Straße 3,3.11.2022,10:8:41,17.05908,48.0927
Avia Xpress Kefermarkt,0,0,2.023,4292,at,Oberösterreich,Freistadt,Kefermarkt,Im Tal 2,3.11.2022,10:9:17,14.536066968607242,48.440260165675596
Turmöl Quick,0,1.729,1.989,7503,at,Burgenland,Oberwart,Großpetersdorf,Schlaininger Straße 1,3.11.2022,10:8:43,16.31264,47.24247
JET TANKSTELLE,0,1.687,1.988,9560,at,Kärnten,Feldkirchen,FELDKIRCHEN,ERMELINDE-KOCH-STRASSE 2,3.11.2022,10:8:51,14.09377,46.73206
Turmöl Quick,0,1.673,1.994,4810,at,Oberösterreich,Gmunden,Gmunden,Dr. Franz-Thomas-Straße 22a,3.11.2022,10:9:19,13.78402,47.90907
Diskont Tankstelle,0,1.682,1.979,1230,at,Wien,Liesing,Wien,Wien Breitenfurter Strasse 261 (Hofer-Parkplatz),3.11.2022,10:10:2,16.3016662,48.1506803
Diskont Tankstelle,0,1.779,1.999,6020,at,Tirol,Innsbruck,Innsbruck,Hallerstraße 93 (Hofer Parkplatz),3.11.2022,10:9:41,11.420114,47.278697
Turmöl,0,1.699,1.989,4048,at,Oberösterreich,Urfahr Umgebung,Puchenau,Weitenfeld 5,3.11.2022,10:9:26,14.228745,48.312024
Diskont Tankstelle,0,1.749,2.028,5431,at,Salzburg,Hallein,Kuchl,Garnei 208 (Hofer-Parkplatz),3.11.2022,10:9:29,13.137367,47.638523
Diskont Tankstelle,0,1.734,1.994,5081,at,Salzburg,Salzburg Umgebung,Anif,Alpenstrasse 102 (Hofer-Parkplatz),3.11.2022,10:9:30,13.0508116,47.7382713
Turmöl,0,1.704,0,4511,at,Oberösterreich,Linz Land,Allhaming,Sipbach 10,3.11.2022,10:9:22,14.1789738,48.150116
Turmöl,0,1.734,2.016,2020,at,Niederösterreich,Hollabrunn,Hollabrunn,Wienerstraße 95,3.11.2022,10:8:58,16.0792562,48.5508163
Turmöl,0,1.683,0,2345,at,Niederösterreich,Mödling,Brunn am Gebirge,Brunnerstraße B12 A,3.11.2022,10:9:5,16.300925,48.115053
Turmöl,0,1.683,0,2345,at,Niederösterreich,Mödling,Brunn am Gebirge,Enzersdorferstraße 7,3.11.2022,10:9:5,16.2851748,48.1035147
Turmöl,0,1.728,0,4564,at,Oberösterreich,Kirchdorf,Klaus ,Klaus 147,3.11.2022,10:9:21,14.158698,47.83948
Diskont Tankstelle,0,1.694,1.994,2410,at,Niederösterreich,Bruck/Leitha,Hainburg,Landstraße 118 (Hofer-Parkplatz),3.11.2022,10:8:55,16.921506,48.140461
Turmöl,0,0,2.022,1210,at,Wien,Floridsdorf,Wien,Pragerstraße 155,3.11.2022,10:10:1,16.388104,48.276582
Turmöl,0,1.699,0,4785,at,Oberösterreich,Schärding,Achleiten,Hinding 23a,3.11.2022,10:9:26,13.503549,48.5810432
Turmöl Quick,0,1.688,1.989,9551,at,Kärnten,Feldkirchen,Bodensdorf,Bundesstraße 65,3.11.2022,10:8:51,13.96843,46.67948
Turmöl,0,1.717,2.018,9300,at,Kärnten,St. Veit,St. Veit,Völkermarkterstraße 55,3.11.2022,10:8:47,14.37709,46.76631
Turmöl,0,1.744,2.024,5730,at,Salzburg,Zell am See,Mittersill,Zellerstraße 30,3.11.2022,10:9:32,12.4929033,47.28510139
Turmöl Quick,0,1.749,1.997,3345,at,Niederösterreich,Scheibbs,Göstling an der Ybbs,Stixenlehen 100,3.11.2022,10:9:8,14.93721,47.80756
Direct,0,1.739,1.998,3180,at,Niederösterreich,Lilienfeld,Lilienfeld,Liese Prokop-Straße 2,3.11.2022,10:9:2,15.5965,48.01419
Turmstrom,0,1.759,2.039,8820,at,Steiermark,Murau,Neumarkt,Wienerstraße 19,3.11.2022,10:9:38,14.42462,47.07918
Turmöl Quick,0,1.754,0,8755,at,Steiermark,Judenburg,St. Peter ob Judenburg,Furth 24,3.11.2022,10:9:41,14.59632,47.18404
Turmöl,0,1.714,2.014,1100,at,Wien,Favoriten,Wien,Grenzackerstraße 2-4,3.11.2022,10:9:55,16.379636,48.162894
Turmöl,0,0,2.049,3902,at,Niederösterreich,Waidhofen/Thaya,Vitis,Horner Straße 25,3.11.2022,10:9:9,15.0780523,48.7920686
Turmöl,0,1.726,2.019,4400,at,Oberösterreich,Steyr Land,Steyr,Pachergasse 14,3.11.2022,10:9:13,14.4286182,48.0414124
Turmöl,0,0,2.034,5020,at,Salzburg,Salzburg Umgebung,Salzburg,Linzer Bundesstraße 5,3.11.2022,10:9:28,13.06355,47.80945
Turmöl,0,1.689,1.999,9112,at,Kärnten,Völkermarkt,Griffen,Gewerbestraße 8,3.11.2022,10:8:49,14.7369342,46.6958255
Turmöl Quick,0,1.719,0,5340,at,Salzburg,Salzburg Umgebung,St. Gilgen,Konrad Lesiak Platz 6,3.11.2022,10:9:30,13.36409,47.76441
Strohmeier Tankstelle,0,1.669,1.989,1050,at,Wien,Margareten,Wien,Am Hundsturm 2-4,3.11.2022,10:9:54,16.34712,48.187799
Turmöl,0,0,2.034,9800,at,Kärnten,Spittal,Spittal an der Drau,Villacherstraße 138,3.11.2022,10:8:48,13.5224002,46.786317
Diskont Tankstelle,0,1.724,2.024,2130,at,Niederösterreich,Mistelbach,Mistelbach,Ernstbrunnerstraße 2 (Hofer Parkplatz),3.11.2022,10:9:4,16.5597662,48.5609853
Diskont Tankstelle,0,1.589,1.939,3430,at,Niederösterreich,Tulln,Tulln,Königstetter Strasse 148 (Hofer-Parkplatz),3.11.2022,10:9:8,16.0829742,48.3193484
AP-Trading GmbH,0,0,1.999,5081,at,Salzburg,Salzburg Umgebung,Anif,Alpenstrasse 35,3.11.2022,10:9:29,13.068242104399618,47.74816537790275
Diskont Tankstelle,0,1.724,0,2100,at,Niederösterreich,Korneuburg,Leobendorf,Hammerschmiedstrasse 1 (Hofer-Parkplatz),3.11.2022,10:9:0,16.3114818,48.359636
Diskont Tankstelle,0,1.754,2.044,6845,at,Vorarlberg,Dornbirn,Hohenems,Barnabas-Fink-Strasse 1 (Hofer-Parkplatz),3.11.2022,10:9:51,9.670367,47.366974
Diskont Tankstelle ,0,1.659,1.984,4844,at,Oberösterreich,Vöcklabruck,Regau,Schörflinger Strasse 20 (Am Hofer Parkplatz),3.11.2022,10:9:27,13.698792,47.981721
Diskont Tankstelle,0,1.728,2.01,2020,at,Niederösterreich,Hollabrunn,Hollabrunn,Gschmeidlerstraße 16 (Hofer Parkplatz),3.11.2022,10:8:58,16.074007,48.565106
eni,0,1.769,2.069,9640,at,Kärnten,Hermagor,Kötschach,Mauthen 189,3.11.2022,10:8:45,12.998308,46.665507
eni,0,1.789,2.079,9615,at,Kärnten,Hermagor,Förolach,Förolach 46,3.11.2022,10:8:45,13.475166,46.628684
eni24,0,0,2.031,9800,at,Kärnten,Spittal,Spittal/Drau,Villacherstrasse 44,3.11.2022,10:8:47,13.5083,46.7919
eni,0,1.699,1.999,4072,at,Oberösterreich,Eferding,Alkoven,Linzer Strasse 15,3.11.2022,10:9:17,14.11781,48.28863
eni24,0,1.859,2.159,5570,at,Salzburg,Tamsweg,Mauterndorf,Katschberg Bundesstrasse,3.11.2022,10:9:31,13.684,47.1295
eni,0,0,1.999,6511,at,Tirol,Landeck,Zams,Hauptstrasse 96,3.11.2022,10:9:46,10.58935314,47.1573815
eni24,0,1.694,1.979,1150,at,Wien,Rudolfsheim,Wien,Felberstraße vis a vis 102,3.11.2022,10:9:58,16.321006,48.193432
eni,0,1.729,2.019,1160,at,Wien,Ottakring,Wien,Huttengasse 73-75,3.11.2022,10:9:59,16.31069,48.21114
eni,0,1.759,2.059,1200,at,Wien,Brigittenau,Wien,Jägerstrasse 60,3.11.2022,10:10:0,16.37054,48.235
eni,0,1.749,0,5020,at,Salzburg,Salzburg Umgebung,Salzburg,Alpenstrasse 60,3.11.2022,10:9:28,13.066648,47.78366
eni,0,1.789,1.999,6020,at,Tirol,Innsbruck,Innsbruck,Rennweg 20,3.11.2022,10:9:42,11.400716,47.277037
eni,0,1.699,1.999,9400,at,Kärnten,Wolfsberg,Wolfsberg,Klagenfurter Strasse 40,3.11.2022,10:8:50,14.835443,46.819419
Diskont Tankstelle,0,1.734,2.017,9500,at,Kärnten,Villach,Villach,Kärntner Straße 27 (Hofer-Parkplatz),3.11.2022,10:8:44,13.83869,46.59742
Diskont Tankstelle,0,1.686,1.978,3100,at,Niederösterreich,St. Pölten,St. Pölten,Porschestrasse 35 (Hofer-Parkplatz),3.11.2022,10:8:52,15.6184154,48.1740184
Diskont Tankstelle,0,1.764,2.044,3950,at,Niederösterreich,Gmünd,Gmünd,Emerich-Berger-Straße 7 (Hofer Parkplatz),3.11.2022,10:8:58,14.979923,48.766005
Diskont Tankstelle,0,1.683,1.983,2345,at,Niederösterreich,Mödling,Brunn am Gebirge,Johann-Steinböck-Strasse 18 (Hofer-Parkplatz),3.11.2022,10:9:5,16.3087613,48.1053542
Diskont Tankstelle,0,1.723,2.014,3910,at,Niederösterreich,Zwettl,Zwettl,Industriestrasse 19 (Hofer-Parkplatz),3.11.2022,10:9:11,15.1897988,48.6002782
Diskont Tankstelle,0,1.732,2.022,2604,at,Niederösterreich,Wiener Neustadt Land,Theresienfeld,Grazerstrasse 68 (Hofer-Parkplatz),3.11.2022,10:9:10,16.24546,47.8464116
Diskont Tankstelle,0,1.719,2.019,1210,at,Wien,Floridsdorf,Wien,Shuttleworthstraße 11 (Hofer-Parkplatz),3.11.2022,10:10:1,16.407684,48.271488
Diskont Tankstelle,0,1.734,0,4210,at,Oberösterreich,Urfahr Umgebung,Unterweitersdorf,Betriebsstrasse 14 (Hofer-Parkplatz),3.11.2022,10:9:17,14.4789382,48.3584873
Diskont Tankstelle,0,0,2.034,8970,at,Steiermark,Liezen,Schladming,Salzburger Siedlung 259 (Hofer-Parkplatz),3.11.2022,10:9:37,13.657405,47.390454
eni,0,1.749,0,9545,at,Kärnten,Spittal,Radenthein,Stadionstrasse 21,3.11.2022,10:8:48,13.710362,46.798428
Diskont Tankstelle,0,1.694,1.986,4490,at,Oberösterreich,Linz Land,St. Florian,Im Astenfeld 2 (Hofer Parkplatz),3.11.2022,10:9:21,14.394058,48.227278
Diskont Tankstelle,0,1.684,1.987,3340,at,Niederösterreich,Scheibbs,Waidhofen,Wiener Straße 54 (Am Hofer Parkplatz),3.11.2022,10:8:53,14.754875,47.976722
Diskont Tankstelle,0,1.723,2.009,2500,at,Niederösterreich,Baden,Baden,Haidhofstrasse 147 (Hofer-Parkplatz),3.11.2022,10:8:55,16.2812818,47.9751916
Diskont Tankstelle,0,1.694,1.994,2325,at,Niederösterreich,Wien Umgebung,Himberg,Hofer Straße 2 (Hofer Parkplatz),3.11.2022,10:8:55,16.45753,48.071822
Diskont Tankstelle,0,1.691,1.991,3160,at,Niederösterreich,Lilienfeld,Traisen,Gewerbestraße 2 (Am Hofer Parkplatz),3.11.2022,10:9:2,15.612339,48.049897
Diskont Tankstelle,0,1.694,1.989,4310,at,Oberösterreich,Perg,Mauthausen,Wienerbergstraße 1 (Hofer-Parkplatz),3.11.2022,10:9:22,14.530663,48.240424
Diskont Tankstelle,0,1.724,1.979,7000,at,Burgenland,Eisenstadt,Eisenstadt,Haidäckerstraße 4 (Hofer Parkplatz),3.11.2022,10:8:39,16.532042,47.825142
Diskont Tankstelle,0,1.641,1.941,7344,at,Burgenland,Oberpullendorf,Stoob,Burgenlandstraße /B50 (Hofer Parkplatz),3.11.2022,10:8:42,16.487473,47.514537
Diskont Tankstelle,0,1.689,1.994,9020,at,Kärnten,Klagenfurt Land,Klagenfurt,Feldkirchnerstraße 221 (Hofer Parkplatz),3.11.2022,10:8:44,14.28417,46.649367
Diskont Tankstelle,0,1.723,2.009,2500,at,Niederösterreich,Baden,Baden,Wiener Straße 72 (Hofer Parkplatz),3.11.2022,10:8:55,16.256536,48.013001
Diskont Tankstelle,0,1.711,2.022,4600,at,Oberösterreich,Wels,Wels,Dalistraße 2 (Hofer-Parkplatz),3.11.2022,10:9:14,14.025047,48.183581
Diskont Tankstelle,0,1.711,2.022,4600,at,Oberösterreich,Wels,Wels West,Malvenstrasse 3 (Hofer-Parkplatz),3.11.2022,10:9:14,13.9709846,48.1433978
Diskont Tankstelle,0,1.742,0,4910,at,Oberösterreich,Ried,Tumeltsham,Hannesgrub Nord 1 (Hofer-Parkplatz),3.11.2022,10:9:23,13.49649,48.2207783
Diskont Tankstelle,0,1.754,0,5230,at,Oberösterreich,Braunau,Mattighofen,Braunauer Strasse 27 (Hofer-Parkplatz),3.11.2022,10:9:15,13.1570388,48.0942884
Diskont Tankstelle,0,1.723,2.019,4563,at,Oberösterreich,Kirchdorf,Micheldorf,Kollingerfeld 5 (Hofer-Parkplatz),3.11.2022,10:9:21,14.1277908,47.890228
Diskont Tankstelle,0,1.694,1.986,4470,at,Oberösterreich,Linz Land,Enns,Doktor-Karl-Renner-Straße 60 (Am Hofer-Parkplatz),3.11.2022,10:9:21,14.458914,48.215991
Diskont Tankstelle,0,1.742,0,4910,at,Oberösterreich,Ried,Ried im Innkreis,Aubachweg 2 (Am Hofer Parkplatz),3.11.2022,10:9:24,13.464818,48.207022
Diskont Tankstelle,0,1.659,1.984,4850,at,Oberösterreich,Vöcklabruck,Timelkam,Atterseestraße 95 (Am Hofer Parkplatz),3.11.2022,10:9:27,13.621548,47.998139
Diskont Tankstelle,0,1.703,2.003,5600,at,Salzburg,St. Johann,St. Johann,Bundesstrasse 23 (Hofer-Parkplatz),3.11.2022,10:9:30,13.1971638,47.3569941
Diskont Tankstelle,0,1.749,0,4121,at,Oberösterreich,Rohrbach,Altenfelden,Haselbach 30 ( Hofer-Parkplatz),3.11.2022,10:9:25,13.969221,48.497102
Diskont Tankstelle,0,1.714,2.013,3380,at,Niederösterreich,Melk,Pöchlarn,Mankerstrasse 59 (Hofer-Parkplatz),3.11.2022,10:9:3,15.220914,48.19947
Diskont Tankstelle,0,0,1.979,4655,at,Oberösterreich,Gmunden,Vorchdorf,Neue Landstraße 74 (Hofer-Parkplatz),3.11.2022,10:9:18,13.920214,48.008358
Eni Oberscheider Wiener Neustadt,0,1.707,1.994,2700,at,Niederösterreich,Wiener Neustadt Land,Wiener Neustadt,Libellengasse 5-7,3.11.2022,10:8:53,16.210967828900863,47.8245949884878
Diskont Tankstelle,0,1.692,1.992,8055,at,Steiermark,Graz,Graz,Gmeinstrasse 4 (Hofer-Parkplatz),3.11.2022,10:9:35,15.4381637,47.0298178
Diskont Tankstelle,0,1.734,2.022,8700,at,Steiermark,Leoben,Leoben,Kärntner Straße 92 (Hofer Parkplatz),3.11.2022,10:9:37,15.105815,47.382529
Diskont Tankstelle,0,1.738,2.018,9990,at,Tirol,Lienz,Nussdorf,Hermann-Gmeiner-Strasse 14 (Hofer-Parkplatz),3.11.2022,10:9:47,12.8150528,46.8275812
Diskont Tankstelle,0,1.771,2.061,6706,at,Vorarlberg,Bludenz,Bürs,Herrenau 2 (Hofer-Parkplatz),3.11.2022,10:9:49,9.814188,47.152981
Diskont Tankstelle,0,1.754,2.044,6842,at,Vorarlberg,Feldkirch,Koblach,Bundesstraße 6 (Hofer-Parkplatz),3.11.2022,10:9:52,9.629425,47.325984
Diskont Tankstelle,0,1.755,2.045,6830,at,Vorarlberg,Feldkirch,Rankweil,St. Anna Weg 23  (Hofer-Parkplatz),3.11.2022,10:9:52,9.6079338,47.2726837
Diskont Tankstelle,0,1.719,2.019,1210,at,Wien,Floridsdorf,Wien,Donaufelderstraße 137 (Hofer-Parkplatz),3.11.2022,10:10:1,16.427015,48.252459
Diskont Tankstelle,0,0,2.034,8940,at,Steiermark,Liezen,Liezen,Gesäusestrasse 3a (Hofer-Parkplatz),3.11.2022,10:9:37,14.2484741,47.5615917
Diskont Tankstelle,0,0,1.994,9020,at,Kärnten,Klagenfurt Land,Klagenfurt,Stadlweg 51 (Hofer-Parkplatz),3.11.2022,10:8:43,14.3294016,46.6076452
Diskont Tankstelle,0,1.734,2.017,9500,at,Kärnten,Villach,Villach,Badstubenweg 80 (Hofer-Parkplatz),3.11.2022,10:8:44,13.8226038,46.631153
Diskont Tankstelle,0,1.744,2.029,9800,at,Kärnten,Spittal,Spittal an der Drau,Lastenstrasse 1 (Hofer-Parkplatz),3.11.2022,10:8:48,13.517817,46.787236
Diskont Tankstelle,0,1.734,2.017,9521,at,Kärnten,Villach Land,Treffen,Ossiacher see strasse (Hofer-Parkplatz),3.11.2022,10:8:49,13.874552,46.652264
Diskont Tankstelle,0,1.692,1.992,8020,at,Steiermark,Graz,Graz,Karlauergürtel 4 (Hofer Parkplatz),3.11.2022,10:9:33,15.428041,47.05646
Diskont Tankstelle,0,1.753,2.033,8811,at,Steiermark,Murau,Scheifling,Gewerbepark 2 (Hofer Parkplatz),3.11.2022,10:9:38,14.415071,47.154865
Diskont Tankstelle,0,1.754,0,8740,at,Steiermark,Judenburg,Zeltweg,Bundesstraße 28 (Hofer-Parkplatz),3.11.2022,10:9:41,14.741117,47.19556
Diskont Tankstelle,0,0,1.993,8430,at,Steiermark,Leibnitz,Leibnitz,Leopold Figl Strasse 2 (Hofer Parkplatz),3.11.2022,10:9:35,15.557292,46.797443
Shell Station St. Anton ,0,0,1.999,3283,at,Niederösterreich,Scheibbs,St. Anton,Gnadenberg 29,3.11.2022,10:9:7,15.1820512,47.9784772
Turmöl Quick,0,1.659,1.979,1110,at,Wien,Simmering,Wien,Gadnergasse 1,3.11.2022,10:9:55,16.41091,48.16636
Turmöl,0,1.756,2.03,5020,at,Salzburg,Salzburg Umgebung,Salzburg,Aignerstraße 22,3.11.2022,10:9:28,13.067715,47.797131
F. LEITNER,0,1.694,1.994,8530,at,Steiermark,Deutschlandsberg,Deutschlandsberg,Frauentaler Straße 122,3.11.2022,10:9:34,15.237103856007833,46.820352225695785
TURMÖL Quick powered by boesch energy,0,1.697,1.987,2136,at,Niederösterreich,Mistelbach,Laa an der Thaya,Nordbahnstr. 53,3.11.2022,10:9:4,16.38071,48.71651
Turmöl,0,1.702,1.992,4310,at,Oberösterreich,Perg,Mauthausen,Poschacherstraße 10,3.11.2022,10:9:22,14.52827,48.23962
M3 riedlingsdorf,0,1.724,1.984,7422,at,Burgenland,Oberwart,Riedlingsdorf,Untere Hauptstraße 153,3.11.2022,10:8:43,16.1450365,47.3371468
AVIA XPress (unser Service: Luft und Wasser),0,0,2.015,3542,at,Niederösterreich,Krems Land,Jaidhof,Betriebsgebiet 107,3.11.2022,10:9:1,15.461022,48.525221
TurboSprit,0,1.698,1.998,9130,at,Kärnten,Klagenfurt Land,Poggersdorf,Landesstrasse 2,3.11.2022,10:8:46,14.449627,46.641242
Turmöl,0,1.689,1.989,1230,at,Wien,Liesing,Wien,Altmannsdorferstraße 150,3.11.2022,10:10:2,16.31935,48.154766
Disk,0,1.775,2.059,6713,at,Vorarlberg,Bludenz,Ludesch,Walgaustraße 32,3.11.2022,10:9:50,9.77762,47.19298
M3 GROßKLEIN Waschcenter,0,1.699,0,8452,at,Steiermark,Leibnitz,Großklein,Mattelsberg 130,3.11.2022,10:9:36,15.4444,46.7361
